date,stage,start_dt,end_dt,duration_min
2026-03-19,awake,2026-03-19 01:18,2026-03-19 01:21,3.0
2026-03-19,light,2026-03-19 01:21,2026-03-19 01:23,2.0
2026-03-19,awake,2026-03-19 01:23,2026-03-19 01:26,3.0
2026-03-19,light,2026-03-19 01:26,2026-03-19 01:27,1.0
2026-03-19,rem,2026-03-19 01:27,2026-03-19 01:43,16.0
2026-03-19,light,2026-03-19 01:43,2026-03-19 02:08,25.0
2026-03-19,deep,2026-03-19 02:08,2026-03-19 02:22,14.0
2026-03-19,light,2026-03-19 02:22,2026-03-19 02:49,27.0
2026-03-19,rem,2026-03-19 02:49,2026-03-19 02:59,10.0
2026-03-19,light,2026-03-19 02:59,2026-03-19 03:00,1.0
2026-03-19,deep,2026-03-19 03:00,2026-03-19 03:11,11.0
2026-03-19,awake,2026-03-19 03:11,2026-03-19 03:14,3.0
2026-03-19,light,2026-03-19 03:14,2026-03-19 03:27,13.0
2026-03-19,deep,2026-03-19 03:27,2026-03-19 03:32,5.0
2026-03-19,light,2026-03-19 03:32,2026-03-19 03:46,14.0
2026-03-19,deep,2026-03-19 03:46,2026-03-19 03:58,12.0
2026-03-19,awake,2026-03-19 03:58,2026-03-19 03:59,1.0
2026-03-19,light,2026-03-19 03:59,2026-03-19 04:10,11.0
2026-03-19,awake,2026-03-19 04:10,2026-03-19 04:11,1.0
2026-03-19,light,2026-03-19 04:11,2026-03-19 04:28,17.0
2026-03-19,awake,2026-03-19 04:28,2026-03-19 04:29,1.0
2026-03-19,light,2026-03-19 04:29,2026-03-19 04:56,27.0
2026-03-19,deep,2026-03-19 04:56,2026-03-19 05:23,27.0
2026-03-19,awake,2026-03-19 05:23,2026-03-19 05:26,3.0
2026-03-19,light,2026-03-19 05:26,2026-03-19 05:47,21.0
2026-03-19,awake,2026-03-19 05:47,2026-03-19 05:48,1.0
2026-03-19,light,2026-03-19 05:48,2026-03-19 05:53,5.0
2026-03-19,awake,2026-03-19 05:53,2026-03-19 05:54,1.0
2026-03-19,light,2026-03-19 05:54,2026-03-19 06:17,23.0
2026-03-19,awake,2026-03-19 06:17,2026-03-19 06:19,2.0
2026-03-19,light,2026-03-19 06:19,2026-03-19 06:28,9.0
2026-03-19,awake,2026-03-19 06:28,2026-03-19 06:29,1.0
2026-03-19,light,2026-03-19 06:29,2026-03-19 06:37,8.0
2026-03-19,awake,2026-03-19 06:37,2026-03-19 06:38,1.0
2026-03-19,light,2026-03-19 06:38,2026-03-19 06:53,15.0
2026-03-20,awake,2026-03-20 01:21,2026-03-20 01:24,3.0
2026-03-20,light,2026-03-20 01:24,2026-03-20 01:31,7.0
2026-03-20,awake,2026-03-20 01:31,2026-03-20 01:32,1.0
2026-03-20,light,2026-03-20 01:32,2026-03-20 01:39,7.0
2026-03-20,awake,2026-03-20 01:39,2026-03-20 01:41,2.0
2026-03-20,light,2026-03-20 01:41,2026-03-20 01:45,4.0
2026-03-20,rem,2026-03-20 01:45,2026-03-20 01:49,4.0
2026-03-20,light,2026-03-20 01:49,2026-03-20 02:05,16.0
2026-03-20,rem,2026-03-20 02:05,2026-03-20 02:11,6.0
2026-03-20,light,2026-03-20 02:11,2026-03-20 02:14,3.0
2026-03-20,deep,2026-03-20 02:14,2026-03-20 02:29,15.0
2026-03-20,light,2026-03-20 02:29,2026-03-20 02:41,12.0
2026-03-20,deep,2026-03-20 02:41,2026-03-20 02:54,13.0
2026-03-20,awake,2026-03-20 02:54,2026-03-20 02:55,1.0
2026-03-20,light,2026-03-20 02:55,2026-03-20 02:58,3.0
2026-03-20,awake,2026-03-20 02:58,2026-03-20 02:59,1.0
2026-03-20,light,2026-03-20 02:59,2026-03-20 03:12,13.0
2026-03-20,deep,2026-03-20 03:12,2026-03-20 03:16,4.0
2026-03-20,light,2026-03-20 03:16,2026-03-20 03:28,12.0
2026-03-20,awake,2026-03-20 03:28,2026-03-20 03:29,1.0
2026-03-20,light,2026-03-20 03:29,2026-03-20 03:51,22.0
2026-03-20,awake,2026-03-20 03:51,2026-03-20 03:52,1.0
2026-03-20,light,2026-03-20 03:52,2026-03-20 04:01,9.0
2026-03-20,awake,2026-03-20 04:01,2026-03-20 04:02,1.0
2026-03-20,light,2026-03-20 04:02,2026-03-20 04:10,8.0
2026-03-20,rem,2026-03-20 04:10,2026-03-20 04:16,6.0
2026-03-20,light,2026-03-20 04:16,2026-03-20 04:37,21.0
2026-03-20,deep,2026-03-20 04:37,2026-03-20 04:53,16.0
2026-03-20,awake,2026-03-20 04:53,2026-03-20 04:54,1.0
2026-03-20,light,2026-03-20 04:54,2026-03-20 04:57,3.0
2026-03-20,awake,2026-03-20 04:57,2026-03-20 04:58,1.0
2026-03-20,light,2026-03-20 04:58,2026-03-20 05:15,17.0
2026-03-20,awake,2026-03-20 05:15,2026-03-20 05:16,1.0
2026-03-20,light,2026-03-20 05:16,2026-03-20 05:32,16.0
2026-03-20,awake,2026-03-20 05:32,2026-03-20 05:36,4.0
2026-03-20,light,2026-03-20 05:36,2026-03-20 05:38,2.0
2026-03-20,awake,2026-03-20 05:38,2026-03-20 05:39,1.0
2026-03-20,light,2026-03-20 05:39,2026-03-20 05:50,11.0
2026-03-20,rem,2026-03-20 05:50,2026-03-20 06:07,17.0
2026-03-20,awake,2026-03-20 06:07,2026-03-20 06:10,3.0
2026-03-20,light,2026-03-20 06:10,2026-03-20 06:18,8.0
2026-03-20,rem,2026-03-20 06:18,2026-03-20 06:52,34.0
2026-03-20,light,2026-03-20 06:52,2026-03-20 07:01,9.0
2026-03-20,awake,2026-03-20 07:01,2026-03-20 07:03,2.0
2026-03-20,light,2026-03-20 07:03,2026-03-20 07:19,16.0
2026-03-20,rem,2026-03-20 07:19,2026-03-20 07:22,3.0
2026-03-20,awake,2026-03-20 07:22,2026-03-20 07:23,1.0
2026-03-20,rem,2026-03-20 07:23,2026-03-20 07:27,4.0
2026-03-20,awake,2026-03-20 07:27,2026-03-20 07:28,1.0
2026-03-20,rem,2026-03-20 07:28,2026-03-20 07:38,10.0
2026-03-20,awake,2026-03-20 07:38,2026-03-20 07:39,1.0
2026-03-20,light,2026-03-20 07:39,2026-03-20 07:49,10.0
2026-03-21,awake,2026-03-21 01:57,2026-03-21 02:00,3.0
2026-03-21,rem,2026-03-21 02:00,2026-03-21 02:05,5.0
2026-03-21,light,2026-03-21 02:05,2026-03-21 02:07,2.0
2026-03-21,rem,2026-03-21 02:07,2026-03-21 02:09,2.0
2026-03-21,light,2026-03-21 02:09,2026-03-21 02:29,20.0
2026-03-21,rem,2026-03-21 02:29,2026-03-21 02:38,9.0
2026-03-21,light,2026-03-21 02:38,2026-03-21 02:39,1.0
2026-03-21,deep,2026-03-21 02:39,2026-03-21 02:50,11.0
2026-03-21,light,2026-03-21 02:50,2026-03-21 02:58,8.0
2026-03-21,awake,2026-03-21 02:58,2026-03-21 03:00,2.0
2026-03-21,light,2026-03-21 03:00,2026-03-21 03:13,13.0
2026-03-21,deep,2026-03-21 03:13,2026-03-21 03:21,8.0
2026-03-21,light,2026-03-21 03:21,2026-03-21 03:30,9.0
2026-03-21,awake,2026-03-21 03:30,2026-03-21 03:31,1.0
2026-03-21,light,2026-03-21 03:31,2026-03-21 03:41,10.0
2026-03-21,awake,2026-03-21 03:41,2026-03-21 03:42,1.0
2026-03-21,light,2026-03-21 03:42,2026-03-21 04:00,18.0
2026-03-21,deep,2026-03-21 04:00,2026-03-21 04:19,19.0
2026-03-21,awake,2026-03-21 04:19,2026-03-21 04:20,1.0
2026-03-21,light,2026-03-21 04:20,2026-03-21 04:28,8.0
2026-03-21,rem,2026-03-21 04:28,2026-03-21 04:54,26.0
2026-03-21,light,2026-03-21 04:54,2026-03-21 05:05,11.0
2026-03-21,awake,2026-03-21 05:05,2026-03-21 05:06,1.0
2026-03-21,light,2026-03-21 05:06,2026-03-21 05:30,24.0
2026-03-21,awake,2026-03-21 05:30,2026-03-21 05:32,2.0
2026-03-21,light,2026-03-21 05:32,2026-03-21 05:41,9.0
2026-03-21,awake,2026-03-21 05:41,2026-03-21 05:43,2.0
2026-03-21,light,2026-03-21 05:43,2026-03-21 06:00,17.0
2026-03-21,awake,2026-03-21 06:00,2026-03-21 06:03,3.0
2026-03-21,light,2026-03-21 06:03,2026-03-21 06:04,1.0
2026-03-22,awake,2026-03-22 01:01,2026-03-22 01:04,3.0
2026-03-22,light,2026-03-22 01:04,2026-03-22 01:11,7.0
2026-03-22,deep,2026-03-22 01:11,2026-03-22 01:18,7.0
2026-03-22,light,2026-03-22 01:18,2026-03-22 01:33,15.0
2026-03-22,deep,2026-03-22 01:33,2026-03-22 01:52,19.0
2026-03-22,awake,2026-03-22 01:52,2026-03-22 01:53,1.0
2026-03-22,light,2026-03-22 01:53,2026-03-22 02:18,25.0
2026-03-22,deep,2026-03-22 02:18,2026-03-22 02:24,6.0
2026-03-22,light,2026-03-22 02:24,2026-03-22 02:38,14.0
2026-03-22,awake,2026-03-22 02:38,2026-03-22 02:39,1.0
2026-03-22,light,2026-03-22 02:39,2026-03-22 02:52,13.0
2026-03-22,awake,2026-03-22 02:52,2026-03-22 02:53,1.0
2026-03-22,light,2026-03-22 02:53,2026-03-22 03:09,16.0
2026-03-22,awake,2026-03-22 03:09,2026-03-22 03:10,1.0
2026-03-22,light,2026-03-22 03:10,2026-03-22 03:14,4.0
2026-03-22,awake,2026-03-22 03:14,2026-03-22 03:16,2.0
2026-03-22,light,2026-03-22 03:16,2026-03-22 03:33,17.0
2026-03-22,awake,2026-03-22 03:33,2026-03-22 03:34,1.0
2026-03-22,light,2026-03-22 03:34,2026-03-22 03:36,2.0
2026-03-22,awake,2026-03-22 03:36,2026-03-22 03:37,1.0
2026-03-22,light,2026-03-22 03:37,2026-03-22 03:41,4.0
2026-03-22,rem,2026-03-22 03:41,2026-03-22 03:45,4.0
2026-03-22,light,2026-03-22 03:45,2026-03-22 04:03,18.0
2026-03-22,rem,2026-03-22 04:03,2026-03-22 04:13,10.0
2026-03-22,light,2026-03-22 04:13,2026-03-22 04:14,1.0
2026-03-22,deep,2026-03-22 04:14,2026-03-22 04:21,7.0
2026-03-22,light,2026-03-22 04:21,2026-03-22 04:58,37.0
2026-03-22,rem,2026-03-22 04:58,2026-03-22 05:07,9.0
2026-03-22,awake,2026-03-22 05:07,2026-03-22 05:07,0.0
2026-03-22,rem,2026-03-22 05:07,2026-03-22 05:20,13.0
2026-03-22,light,2026-03-22 05:20,2026-03-22 05:41,21.0
2026-03-22,deep,2026-03-22 05:41,2026-03-22 05:56,15.0
2026-03-22,light,2026-03-22 05:56,2026-03-22 06:00,4.0
2026-03-22,awake,2026-03-22 06:00,2026-03-22 06:01,1.0
2026-03-22,light,2026-03-22 06:01,2026-03-22 06:10,9.0
2026-03-22,awake,2026-03-22 06:10,2026-03-22 06:11,1.0
2026-03-22,light,2026-03-22 06:11,2026-03-22 06:14,3.0
2026-03-22,awake,2026-03-22 06:14,2026-03-22 06:15,1.0
2026-03-22,light,2026-03-22 06:15,2026-03-22 06:43,28.0
2026-03-22,awake,2026-03-22 06:43,2026-03-22 06:44,1.0
2026-03-22,light,2026-03-22 06:44,2026-03-22 07:10,26.0
2026-03-22,rem,2026-03-22 07:10,2026-03-22 07:34,24.0
2026-03-22,light,2026-03-22 07:34,2026-03-22 07:37,3.0
2026-03-22,awake,2026-03-22 07:37,2026-03-22 07:38,1.0
2026-03-22,light,2026-03-22 07:38,2026-03-22 07:42,4.0
2026-03-22,awake,2026-03-22 07:42,2026-03-22 07:47,5.0
2026-03-22,light,2026-03-22 07:47,2026-03-22 07:54,7.0
2026-03-22,awake,2026-03-22 07:54,2026-03-22 07:56,2.0
2026-03-22,light,2026-03-22 07:56,2026-03-22 08:04,8.0
2026-03-22,awake,2026-03-22 08:04,2026-03-22 08:10,6.0
2026-03-22,light,2026-03-22 08:10,2026-03-22 08:13,3.0
2026-03-22,awake,2026-03-22 08:13,2026-03-22 08:15,2.0
2026-03-22,light,2026-03-22 08:15,2026-03-22 08:26,11.0
2026-03-22,deep,2026-03-22 08:26,2026-03-22 08:39,13.0
2026-03-22,light,2026-03-22 08:39,2026-03-22 09:08,29.0
2026-03-22,awake,2026-03-22 09:08,2026-03-22 09:09,1.0
2026-03-22,light,2026-03-22 09:09,2026-03-22 09:10,1.0
2026-03-22,rem,2026-03-22 09:10,2026-03-22 09:18,8.0
2026-03-22,light,2026-03-22 09:18,2026-03-22 09:27,9.0
2026-03-22,rem,2026-03-22 09:27,2026-03-22 09:33,6.0
2026-03-22,awake,2026-03-22 09:33,2026-03-22 09:33,0.0
2026-03-22,rem,2026-03-22 09:33,2026-03-22 09:45,12.0
2026-03-22,light,2026-03-22 09:45,2026-03-22 09:55,10.0
2026-03-23,awake,2026-03-23 01:07,2026-03-23 01:10,3.0
2026-03-23,light,2026-03-23 01:10,2026-03-23 01:17,7.0
2026-03-23,deep,2026-03-23 01:17,2026-03-23 01:21,4.0
2026-03-23,light,2026-03-23 01:21,2026-03-23 01:26,5.0
2026-03-23,awake,2026-03-23 01:26,2026-03-23 01:27,1.0
2026-03-23,light,2026-03-23 01:27,2026-03-23 01:37,10.0
2026-03-23,deep,2026-03-23 01:37,2026-03-23 01:42,5.0
2026-03-23,light,2026-03-23 01:42,2026-03-23 01:58,16.0
2026-03-23,deep,2026-03-23 01:58,2026-03-23 02:04,6.0
2026-03-23,light,2026-03-23 02:04,2026-03-23 02:25,21.0
2026-03-23,deep,2026-03-23 02:25,2026-03-23 02:34,9.0
2026-03-23,light,2026-03-23 02:34,2026-03-23 02:35,1.0
2026-03-23,rem,2026-03-23 02:35,2026-03-23 02:55,20.0
2026-03-23,light,2026-03-23 02:55,2026-03-23 02:58,3.0
2026-03-23,rem,2026-03-23 02:58,2026-03-23 03:12,14.0
2026-03-23,light,2026-03-23 03:12,2026-03-23 03:26,14.0
2026-03-23,deep,2026-03-23 03:26,2026-03-23 03:30,4.0
2026-03-23,awake,2026-03-23 03:30,2026-03-23 03:32,2.0
2026-03-23,light,2026-03-23 03:32,2026-03-23 04:00,28.0
2026-03-23,deep,2026-03-23 04:00,2026-03-23 04:06,6.0
2026-03-23,awake,2026-03-23 04:06,2026-03-23 04:07,1.0
2026-03-23,light,2026-03-23 04:07,2026-03-23 04:32,25.0
2026-03-23,rem,2026-03-23 04:32,2026-03-23 04:48,16.0
2026-03-23,light,2026-03-23 04:48,2026-03-23 05:04,16.0
2026-03-23,rem,2026-03-23 05:04,2026-03-23 05:32,28.0
2026-03-23,light,2026-03-23 05:32,2026-03-23 05:34,2.0
2026-03-23,deep,2026-03-23 05:34,2026-03-23 05:50,16.0
2026-03-23,awake,2026-03-23 05:50,2026-03-23 05:52,2.0
2026-03-23,light,2026-03-23 05:52,2026-03-23 06:02,10.0
2026-03-23,rem,2026-03-23 06:02,2026-03-23 06:18,16.0
2026-03-23,light,2026-03-23 06:18,2026-03-23 06:22,4.0
2026-03-23,awake,2026-03-23 06:22,2026-03-23 06:23,1.0
2026-03-23,light,2026-03-23 06:23,2026-03-23 06:30,7.0
2026-03-23,awake,2026-03-23 06:30,2026-03-23 06:31,1.0
2026-03-23,light,2026-03-23 06:31,2026-03-23 06:37,6.0
2026-03-23,rem,2026-03-23 06:37,2026-03-23 06:41,4.0
2026-03-23,rem,2026-03-23 06:41,2026-03-23 06:51,10.0
2026-03-23,awake,2026-03-23 06:41,2026-03-23 06:41,0.0
2026-03-23,light,2026-03-23 06:51,2026-03-23 07:05,14.0
2026-03-23,rem,2026-03-23 07:05,2026-03-23 07:17,12.0
2026-03-23,light,2026-03-23 07:17,2026-03-23 07:18,1.0
2026-03-23,deep,2026-03-23 07:18,2026-03-23 07:24,6.0
2026-03-23,light,2026-03-23 07:24,2026-03-23 07:45,21.0
2026-03-24,awake,2026-03-24 00:36,2026-03-24 00:39,3.0
2026-03-24,light,2026-03-24 00:39,2026-03-24 00:58,19.0
2026-03-24,deep,2026-03-24 00:58,2026-03-24 01:06,8.0
2026-03-24,light,2026-03-24 01:06,2026-03-24 01:16,10.0
2026-03-24,deep,2026-03-24 01:16,2026-03-24 01:22,6.0
2026-03-24,light,2026-03-24 01:22,2026-03-24 01:29,7.0
2026-03-24,awake,2026-03-24 01:29,2026-03-24 01:30,1.0
2026-03-24,light,2026-03-24 01:30,2026-03-24 01:31,1.0
2026-03-24,rem,2026-03-24 01:31,2026-03-24 01:43,12.0
2026-03-24,light,2026-03-24 01:43,2026-03-24 02:03,20.0
2026-03-24,deep,2026-03-24 02:03,2026-03-24 02:12,9.0
2026-03-24,light,2026-03-24 02:12,2026-03-24 02:37,25.0
2026-03-24,deep,2026-03-24 02:37,2026-03-24 02:55,18.0
2026-03-24,awake,2026-03-24 02:55,2026-03-24 02:56,1.0
2026-03-24,light,2026-03-24 02:56,2026-03-24 03:15,19.0
2026-03-24,deep,2026-03-24 03:15,2026-03-24 03:19,4.0
2026-03-24,light,2026-03-24 03:19,2026-03-24 03:32,13.0
2026-03-24,deep,2026-03-24 03:32,2026-03-24 03:37,5.0
2026-03-24,awake,2026-03-24 03:37,2026-03-24 03:38,1.0
2026-03-24,light,2026-03-24 03:38,2026-03-24 03:48,10.0
2026-03-24,awake,2026-03-24 03:48,2026-03-24 03:49,1.0
2026-03-24,light,2026-03-24 03:49,2026-03-24 03:50,1.0
2026-03-24,rem,2026-03-24 03:50,2026-03-24 04:04,14.0
2026-03-24,light,2026-03-24 04:04,2026-03-24 04:31,27.0
2026-03-24,awake,2026-03-24 04:31,2026-03-24 04:35,4.0
2026-03-24,light,2026-03-24 04:35,2026-03-24 04:40,5.0
2026-03-24,rem,2026-03-24 04:40,2026-03-24 04:58,18.0
2026-03-24,light,2026-03-24 04:58,2026-03-24 05:07,9.0
2026-03-24,awake,2026-03-24 05:07,2026-03-24 05:08,1.0
2026-03-24,light,2026-03-24 05:08,2026-03-24 05:15,7.0
2026-03-24,awake,2026-03-24 05:15,2026-03-24 05:16,1.0
2026-03-24,light,2026-03-24 05:16,2026-03-24 05:31,15.0
2026-03-24,awake,2026-03-24 05:31,2026-03-24 05:34,3.0
2026-03-24,light,2026-03-24 05:34,2026-03-24 05:57,23.0
2026-03-24,awake,2026-03-24 05:57,2026-03-24 05:59,2.0
2026-03-24,light,2026-03-24 05:59,2026-03-24 06:04,5.0
2026-03-24,awake,2026-03-24 06:04,2026-03-24 06:05,1.0
2026-03-24,light,2026-03-24 06:05,2026-03-24 06:10,5.0
2026-03-24,awake,2026-03-24 06:10,2026-03-24 06:11,1.0
2026-03-24,light,2026-03-24 06:11,2026-03-24 06:18,7.0
2026-03-24,awake,2026-03-24 06:18,2026-03-24 06:19,1.0
2026-03-24,light,2026-03-24 06:19,2026-03-24 06:37,18.0
2026-03-24,awake,2026-03-24 06:37,2026-03-24 06:38,1.0
2026-03-24,light,2026-03-24 06:38,2026-03-24 07:00,22.0
2026-03-24,awake,2026-03-24 07:00,2026-03-24 07:04,4.0
2026-03-24,light,2026-03-24 07:04,2026-03-24 07:11,7.0
2026-03-24,awake,2026-03-24 07:11,2026-03-24 07:13,2.0
2026-03-24,light,2026-03-24 07:13,2026-03-24 07:27,14.0
2026-03-24,awake,2026-03-24 07:27,2026-03-24 07:28,1.0
2026-03-24,light,2026-03-24 07:28,2026-03-24 07:44,16.0
2026-03-24,rem,2026-03-24 07:44,2026-03-24 08:03,19.0
2026-03-24,awake,2026-03-24 08:03,2026-03-24 08:04,1.0
2026-03-24,light,2026-03-24 08:04,2026-03-24 08:19,15.0
2026-03-24,awake,2026-03-24 08:19,2026-03-24 08:20,1.0
2026-03-24,light,2026-03-24 08:20,2026-03-24 08:29,9.0
2026-03-24,awake,2026-03-24 08:29,2026-03-24 08:30,1.0
2026-03-24,light,2026-03-24 08:30,2026-03-24 08:37,7.0
2026-03-24,awake,2026-03-24 08:37,2026-03-24 08:38,1.0
2026-03-24,light,2026-03-24 08:38,2026-03-24 08:41,3.0
2026-03-25,awake,2026-03-25 00:19,2026-03-25 00:22,3.0
2026-03-25,light,2026-03-25 00:22,2026-03-25 00:42,20.0
2026-03-25,awake,2026-03-25 00:42,2026-03-25 00:43,1.0
2026-03-25,light,2026-03-25 00:43,2026-03-25 00:48,5.0
2026-03-25,rem,2026-03-25 00:48,2026-03-25 01:00,12.0
2026-03-25,light,2026-03-25 01:00,2026-03-25 01:05,5.0
2026-03-25,awake,2026-03-25 01:05,2026-03-25 01:06,1.0
2026-03-25,light,2026-03-25 01:06,2026-03-25 01:24,18.0
2026-03-25,deep,2026-03-25 01:24,2026-03-25 01:33,9.0
2026-03-25,light,2026-03-25 01:33,2026-03-25 01:46,13.0
2026-03-25,deep,2026-03-25 01:46,2026-03-25 01:57,11.0
2026-03-25,light,2026-03-25 01:57,2026-03-25 02:00,3.0
2026-03-25,awake,2026-03-25 02:00,2026-03-25 02:01,1.0
2026-03-25,light,2026-03-25 02:01,2026-03-25 02:13,12.0
2026-03-25,deep,2026-03-25 02:13,2026-03-25 02:16,3.0
2026-03-25,light,2026-03-25 02:16,2026-03-25 02:24,8.0
2026-03-25,awake,2026-03-25 02:24,2026-03-25 02:25,1.0
2026-03-25,light,2026-03-25 02:25,2026-03-25 02:43,18.0
2026-03-25,awake,2026-03-25 02:43,2026-03-25 02:44,1.0
2026-03-25,light,2026-03-25 02:44,2026-03-25 02:49,5.0
2026-03-25,rem,2026-03-25 02:49,2026-03-25 03:07,18.0
2026-03-25,light,2026-03-25 03:07,2026-03-25 03:19,12.0
2026-03-25,deep,2026-03-25 03:19,2026-03-25 03:33,14.0
2026-03-25,awake,2026-03-25 03:33,2026-03-25 03:38,5.0
2026-03-25,light,2026-03-25 03:38,2026-03-25 04:05,27.0
2026-03-25,deep,2026-03-25 04:05,2026-03-25 04:09,4.0
2026-03-25,awake,2026-03-25 04:09,2026-03-25 04:14,5.0
2026-03-25,light,2026-03-25 04:14,2026-03-25 04:20,6.0
2026-03-25,awake,2026-03-25 04:20,2026-03-25 04:21,1.0
2026-03-25,light,2026-03-25 04:21,2026-03-25 04:30,9.0
2026-03-25,awake,2026-03-25 04:30,2026-03-25 04:31,1.0
2026-03-25,light,2026-03-25 04:31,2026-03-25 04:41,10.0
2026-03-25,awake,2026-03-25 04:41,2026-03-25 04:43,2.0
2026-03-25,light,2026-03-25 04:43,2026-03-25 04:51,8.0
2026-03-25,rem,2026-03-25 04:51,2026-03-25 04:55,4.0
2026-03-25,light,2026-03-25 04:55,2026-03-25 05:11,16.0
2026-03-25,rem,2026-03-25 05:11,2026-03-25 05:16,5.0
2026-03-25,awake,2026-03-25 05:16,2026-03-25 05:17,1.0
2026-03-25,light,2026-03-25 05:17,2026-03-25 05:28,11.0
2026-03-25,awake,2026-03-25 05:28,2026-03-25 05:30,2.0
2026-03-25,light,2026-03-25 05:30,2026-03-25 06:01,31.0
2026-03-25,awake,2026-03-25 06:01,2026-03-25 06:02,1.0
2026-03-25,light,2026-03-25 06:02,2026-03-25 06:23,21.0
2026-03-25,awake,2026-03-25 06:23,2026-03-25 06:24,1.0
2026-03-25,light,2026-03-25 06:24,2026-03-25 06:30,6.0
2026-03-25,awake,2026-03-25 06:30,2026-03-25 06:31,1.0
2026-03-25,light,2026-03-25 06:31,2026-03-25 06:50,19.0
2026-03-27,awake,2026-03-27 00:16,2026-03-27 00:19,3.0
2026-03-27,light,2026-03-27 00:19,2026-03-27 00:26,7.0
2026-03-27,deep,2026-03-27 00:26,2026-03-27 00:32,6.0
2026-03-27,light,2026-03-27 00:32,2026-03-27 00:53,21.0
2026-03-27,rem,2026-03-27 00:53,2026-03-27 01:06,13.0
2026-03-27,awake,2026-03-27 01:06,2026-03-27 01:07,1.0
2026-03-27,light,2026-03-27 01:07,2026-03-27 01:08,1.0
2026-03-27,rem,2026-03-27 01:08,2026-03-27 01:37,29.0
2026-03-27,rem,2026-03-27 01:37,2026-03-27 01:46,9.0
2026-03-27,awake,2026-03-27 01:37,2026-03-27 01:37,0.0
2026-03-27,light,2026-03-27 01:46,2026-03-27 01:52,6.0
2026-03-27,rem,2026-03-27 01:52,2026-03-27 02:08,16.0
2026-03-27,light,2026-03-27 02:08,2026-03-27 02:22,14.0
2026-03-27,rem,2026-03-27 02:22,2026-03-27 02:32,10.0
2026-03-27,light,2026-03-27 02:32,2026-03-27 02:44,12.0
2026-03-27,awake,2026-03-27 02:44,2026-03-27 02:45,1.0
2026-03-27,light,2026-03-27 02:45,2026-03-27 02:47,2.0
2026-03-27,rem,2026-03-27 02:47,2026-03-27 03:13,26.0
2026-03-27,light,2026-03-27 03:13,2026-03-27 03:27,14.0
2026-03-27,awake,2026-03-27 03:27,2026-03-27 03:29,2.0
2026-03-27,light,2026-03-27 03:29,2026-03-27 03:30,1.0
2026-03-27,rem,2026-03-27 03:30,2026-03-27 03:42,12.0
2026-03-27,light,2026-03-27 03:42,2026-03-27 04:01,19.0
2026-03-27,awake,2026-03-27 04:01,2026-03-27 04:03,2.0
2026-03-27,light,2026-03-27 04:03,2026-03-27 04:09,6.0
2026-03-27,rem,2026-03-27 04:09,2026-03-27 04:31,22.0
2026-03-27,light,2026-03-27 04:31,2026-03-27 04:41,10.0
2026-03-27,awake,2026-03-27 04:41,2026-03-27 04:42,1.0
2026-03-27,light,2026-03-27 04:42,2026-03-27 05:07,25.0
2026-03-27,awake,2026-03-27 05:07,2026-03-27 05:09,2.0
2026-03-27,light,2026-03-27 05:09,2026-03-27 05:22,13.0
2026-03-27,awake,2026-03-27 05:22,2026-03-27 05:23,1.0
2026-03-27,light,2026-03-27 05:23,2026-03-27 05:39,16.0
2026-03-27,deep,2026-03-27 05:39,2026-03-27 06:00,21.0
2026-03-27,light,2026-03-27 06:00,2026-03-27 06:01,1.0
2026-03-27,awake,2026-03-27 06:01,2026-03-27 06:02,1.0
2026-03-27,light,2026-03-27 06:02,2026-03-27 06:09,7.0
2026-03-27,awake,2026-03-27 06:09,2026-03-27 06:10,1.0
2026-03-27,light,2026-03-27 06:10,2026-03-27 06:31,21.0
2026-03-27,awake,2026-03-27 06:31,2026-03-27 06:32,1.0
2026-03-27,light,2026-03-27 06:32,2026-03-27 07:07,35.0
2026-03-27,deep,2026-03-27 07:07,2026-03-27 07:13,6.0
2026-03-27,light,2026-03-27 07:13,2026-03-27 07:30,17.0
2026-03-27,awake,2026-03-27 07:30,2026-03-27 07:31,1.0
2026-03-27,light,2026-03-27 07:31,2026-03-27 07:40,9.0
2026-03-27,awake,2026-03-27 07:40,2026-03-27 07:43,3.0
2026-03-27,light,2026-03-27 07:43,2026-03-27 07:59,16.0
2026-03-28,awake,2026-03-27 23:51,2026-03-27 23:54,3.0
2026-03-28,rem,2026-03-27 23:54,2026-03-27 23:57,3.0
2026-03-28,light,2026-03-27 23:57,2026-03-28 00:21,24.0
2026-03-28,awake,2026-03-28 00:21,2026-03-28 00:22,1.0
2026-03-28,light,2026-03-28 00:22,2026-03-28 00:33,11.0
2026-03-28,deep,2026-03-28 00:33,2026-03-28 00:44,11.0
2026-03-28,light,2026-03-28 00:44,2026-03-28 01:00,16.0
2026-03-28,rem,2026-03-28 01:00,2026-03-28 01:24,24.0
2026-03-28,light,2026-03-28 01:24,2026-03-28 01:30,6.0
2026-03-28,deep,2026-03-28 01:30,2026-03-28 01:41,11.0
2026-03-28,awake,2026-03-28 01:41,2026-03-28 01:43,2.0
2026-03-28,light,2026-03-28 01:43,2026-03-28 01:48,5.0
2026-03-28,rem,2026-03-28 01:48,2026-03-28 01:50,2.0
2026-03-28,light,2026-03-28 01:50,2026-03-28 02:13,23.0
2026-03-28,rem,2026-03-28 02:13,2026-03-28 02:29,16.0
2026-03-28,light,2026-03-28 02:29,2026-03-28 02:38,9.0
2026-03-28,rem,2026-03-28 02:38,2026-03-28 02:42,4.0
2026-03-28,awake,2026-03-28 02:42,2026-03-28 02:43,1.0
2026-03-28,rem,2026-03-28 02:43,2026-03-28 03:12,29.0
2026-03-28,awake,2026-03-28 03:12,2026-03-28 03:13,1.0
2026-03-28,light,2026-03-28 03:13,2026-03-28 03:25,12.0
2026-03-28,awake,2026-03-28 03:25,2026-03-28 03:26,1.0
2026-03-28,light,2026-03-28 03:26,2026-03-28 03:47,21.0
2026-03-28,awake,2026-03-28 03:47,2026-03-28 03:48,1.0
2026-03-28,light,2026-03-28 03:48,2026-03-28 04:03,15.0
2026-03-28,deep,2026-03-28 04:03,2026-03-28 04:06,3.0
2026-03-28,light,2026-03-28 04:06,2026-03-28 04:19,13.0
2026-03-28,awake,2026-03-28 04:19,2026-03-28 04:20,1.0
2026-03-28,light,2026-03-28 04:20,2026-03-28 04:30,10.0
2026-03-28,awake,2026-03-28 04:30,2026-03-28 04:31,1.0
2026-03-28,light,2026-03-28 04:31,2026-03-28 04:43,12.0
2026-03-28,awake,2026-03-28 04:43,2026-03-28 04:44,1.0
2026-03-28,light,2026-03-28 04:44,2026-03-28 05:01,17.0
2026-03-28,awake,2026-03-28 05:01,2026-03-28 05:02,1.0
2026-03-28,light,2026-03-28 05:02,2026-03-28 05:10,8.0
2026-03-28,awake,2026-03-28 05:10,2026-03-28 05:11,1.0
2026-03-28,light,2026-03-28 05:11,2026-03-28 05:13,2.0
2026-03-28,awake,2026-03-28 05:13,2026-03-28 05:14,1.0
2026-03-28,light,2026-03-28 05:14,2026-03-28 05:23,9.0
2026-03-28,awake,2026-03-28 05:23,2026-03-28 05:24,1.0
2026-03-28,light,2026-03-28 05:24,2026-03-28 05:27,3.0
2026-03-28,awake,2026-03-28 05:27,2026-03-28 05:28,1.0
2026-03-28,light,2026-03-28 05:28,2026-03-28 05:30,2.0
2026-03-28,awake,2026-03-28 05:30,2026-03-28 05:31,1.0
2026-03-28,light,2026-03-28 05:31,2026-03-28 05:46,15.0
2026-03-28,deep,2026-03-28 05:46,2026-03-28 06:05,19.0
2026-03-28,awake,2026-03-28 06:05,2026-03-28 06:10,5.0
2026-03-28,light,2026-03-28 06:10,2026-03-28 06:40,30.0
2026-03-29,awake,2026-03-29 01:42,2026-03-29 01:45,3.0
2026-03-29,light,2026-03-29 01:45,2026-03-29 01:54,9.0
2026-03-29,deep,2026-03-29 01:54,2026-03-29 02:01,7.0
2026-03-29,light,2026-03-29 02:01,2026-03-29 02:14,13.0
2026-03-29,awake,2026-03-29 02:14,2026-03-29 02:15,1.0
2026-03-29,light,2026-03-29 02:15,2026-03-29 02:26,11.0
2026-03-29,deep,2026-03-29 02:26,2026-03-29 02:39,13.0
2026-03-29,light,2026-03-29 02:39,2026-03-29 02:41,2.0
2026-03-29,awake,2026-03-29 02:41,2026-03-29 02:41,0.0
2026-03-29,light,2026-03-29 02:41,2026-03-29 02:53,12.0
2026-03-29,awake,2026-03-29 02:53,2026-03-29 02:54,1.0
2026-03-29,light,2026-03-29 02:54,2026-03-29 03:01,7.0
2026-03-29,rem,2026-03-29 03:01,2026-03-29 03:25,24.0
2026-03-29,light,2026-03-29 03:25,2026-03-29 03:57,32.0
2026-03-29,awake,2026-03-29 03:57,2026-03-29 03:59,2.0
2026-03-29,light,2026-03-29 03:59,2026-03-29 04:12,13.0
2026-03-29,deep,2026-03-29 04:12,2026-03-29 04:14,2.0
2026-03-29,light,2026-03-29 04:14,2026-03-29 04:21,7.0
2026-03-29,rem,2026-03-29 04:21,2026-03-29 04:27,6.0
2026-03-29,light,2026-03-29 04:27,2026-03-29 04:50,23.0
2026-03-29,deep,2026-03-29 04:50,2026-03-29 04:56,6.0
2026-03-29,light,2026-03-29 04:56,2026-03-29 04:57,1.0
2026-03-29,awake,2026-03-29 04:57,2026-03-29 04:58,1.0
2026-03-29,light,2026-03-29 04:58,2026-03-29 05:12,14.0
2026-03-29,deep,2026-03-29 05:12,2026-03-29 05:35,23.0
2026-03-29,light,2026-03-29 05:35,2026-03-29 05:42,7.0
2026-03-29,awake,2026-03-29 05:42,2026-03-29 05:43,1.0
2026-03-29,light,2026-03-29 05:43,2026-03-29 05:53,10.0
2026-03-29,awake,2026-03-29 05:53,2026-03-29 05:54,1.0
2026-03-29,light,2026-03-29 05:54,2026-03-29 06:04,10.0
2026-03-29,awake,2026-03-29 06:04,2026-03-29 06:06,2.0
2026-03-29,light,2026-03-29 06:06,2026-03-29 06:32,26.0
2026-03-29,deep,2026-03-29 06:32,2026-03-29 06:35,3.0
2026-03-29,awake,2026-03-29 06:35,2026-03-29 06:37,2.0
2026-03-29,light,2026-03-29 06:37,2026-03-29 07:01,24.0
2026-03-29,awake,2026-03-29 07:01,2026-03-29 07:02,1.0
2026-03-29,light,2026-03-29 07:02,2026-03-29 07:10,8.0
2026-03-29,awake,2026-03-29 07:10,2026-03-29 07:12,2.0
2026-03-29,light,2026-03-29 07:12,2026-03-29 07:36,24.0
2026-03-29,awake,2026-03-29 07:36,2026-03-29 07:37,1.0
2026-03-29,light,2026-03-29 07:37,2026-03-29 07:41,4.0
2026-03-29,awake,2026-03-29 07:41,2026-03-29 07:41,0.0
2026-03-29,light,2026-03-29 07:41,2026-03-29 07:58,17.0
2026-03-29,awake,2026-03-29 07:58,2026-03-29 07:59,1.0
2026-03-29,light,2026-03-29 07:59,2026-03-29 08:07,8.0
2026-03-29,awake,2026-03-29 08:07,2026-03-29 08:11,4.0
2026-03-29,light,2026-03-29 08:11,2026-03-29 08:26,15.0
2026-03-29,awake,2026-03-29 08:26,2026-03-29 08:27,1.0
2026-03-29,light,2026-03-29 08:27,2026-03-29 08:42,15.0
2026-03-29,rem,2026-03-29 08:42,2026-03-29 08:49,7.0
2026-03-29,light,2026-03-29 08:49,2026-03-29 08:57,8.0
2026-03-30,awake,2026-03-29 23:14,2026-03-29 23:17,3.0
2026-03-30,light,2026-03-29 23:17,2026-03-29 23:24,7.0
2026-03-30,deep,2026-03-29 23:24,2026-03-29 23:30,6.0
2026-03-30,light,2026-03-29 23:30,2026-03-29 23:41,11.0
2026-03-30,deep,2026-03-29 23:41,2026-03-29 23:50,9.0
2026-03-30,light,2026-03-29 23:50,2026-03-30 00:02,12.0
2026-03-30,rem,2026-03-30 00:02,2026-03-30 00:06,4.0
2026-03-30,awake,2026-03-30 00:06,2026-03-30 00:06,0.0
2026-03-30,rem,2026-03-30 00:06,2026-03-30 00:22,16.0
2026-03-30,light,2026-03-30 00:22,2026-03-30 00:29,7.0
2026-03-30,deep,2026-03-30 00:29,2026-03-30 00:41,12.0
2026-03-30,light,2026-03-30 00:41,2026-03-30 00:42,1.0
2026-03-30,awake,2026-03-30 00:42,2026-03-30 00:44,2.0
2026-03-30,light,2026-03-30 00:44,2026-03-30 00:46,2.0
2026-03-30,rem,2026-03-30 00:46,2026-03-30 01:08,22.0
2026-03-30,awake,2026-03-30 01:08,2026-03-30 01:09,1.0
2026-03-30,rem,2026-03-30 01:09,2026-03-30 01:18,9.0
2026-03-30,light,2026-03-30 01:18,2026-03-30 01:26,8.0
2026-03-30,rem,2026-03-30 01:26,2026-03-30 01:34,8.0
2026-03-30,light,2026-03-30 01:34,2026-03-30 01:56,22.0
2026-03-30,deep,2026-03-30 01:56,2026-03-30 02:04,8.0
2026-03-30,light,2026-03-30 02:04,2026-03-30 02:04,0.0
2026-03-30,rem,2026-03-30 02:04,2026-03-30 02:08,4.0
2026-03-30,light,2026-03-30 02:08,2026-03-30 02:26,18.0
2026-03-30,rem,2026-03-30 02:26,2026-03-30 02:34,8.0
2026-03-30,awake,2026-03-30 02:34,2026-03-30 02:35,1.0
2026-03-30,light,2026-03-30 02:35,2026-03-30 02:42,7.0
2026-03-30,awake,2026-03-30 02:42,2026-03-30 02:46,4.0
2026-03-30,light,2026-03-30 02:46,2026-03-30 03:05,19.0
2026-03-30,awake,2026-03-30 03:05,2026-03-30 03:06,1.0
2026-03-30,light,2026-03-30 03:06,2026-03-30 03:15,9.0
2026-03-30,rem,2026-03-30 03:15,2026-03-30 03:19,4.0
2026-03-30,light,2026-03-30 03:19,2026-03-30 03:37,18.0
2026-03-30,rem,2026-03-30 03:37,2026-03-30 03:45,8.0
2026-03-30,light,2026-03-30 03:45,2026-03-30 03:47,2.0
2026-03-30,deep,2026-03-30 03:47,2026-03-30 04:02,15.0
2026-03-30,awake,2026-03-30 04:02,2026-03-30 04:08,6.0
2026-03-30,light,2026-03-30 04:08,2026-03-30 04:15,7.0
2026-03-30,rem,2026-03-30 04:15,2026-03-30 04:17,2.0
2026-03-30,awake,2026-03-30 04:17,2026-03-30 04:18,1.0
2026-03-30,rem,2026-03-30 04:18,2026-03-30 04:33,15.0
2026-03-30,awake,2026-03-30 04:33,2026-03-30 04:34,1.0
2026-03-30,rem,2026-03-30 04:34,2026-03-30 04:35,1.0
2026-03-30,light,2026-03-30 04:35,2026-03-30 04:49,14.0
2026-03-30,deep,2026-03-30 04:49,2026-03-30 04:58,9.0
2026-03-30,light,2026-03-30 04:58,2026-03-30 05:27,29.0
2026-03-30,awake,2026-03-30 05:27,2026-03-30 05:28,1.0
2026-03-30,light,2026-03-30 05:28,2026-03-30 05:29,1.0
2026-03-30,awake,2026-03-30 05:29,2026-03-30 06:01,32.0
2026-03-30,light,2026-03-30 06:01,2026-03-30 06:02,1.0
2026-03-30,awake,2026-03-30 06:02,2026-03-30 06:03,1.0
2026-03-30,light,2026-03-30 06:03,2026-03-30 06:19,16.0
2026-03-30,awake,2026-03-30 06:19,2026-03-30 06:20,1.0
2026-03-30,light,2026-03-30 06:20,2026-03-30 06:31,11.0
2026-03-30,awake,2026-03-30 06:31,2026-03-30 06:32,1.0
2026-03-30,light,2026-03-30 06:32,2026-03-30 06:40,8.0
2026-03-30,awake,2026-03-30 06:40,2026-03-30 06:44,4.0
2026-03-30,light,2026-03-30 06:44,2026-03-30 06:49,5.0
2026-03-31,awake,2026-03-31 03:56,2026-03-31 03:59,3.0
2026-03-31,light,2026-03-31 03:59,2026-03-31 04:24,25.0
2026-03-31,deep,2026-03-31 04:24,2026-03-31 04:45,21.0
2026-03-31,awake,2026-03-31 04:45,2026-03-31 04:48,3.0
2026-03-31,light,2026-03-31 04:48,2026-03-31 04:50,2.0
2026-03-31,awake,2026-03-31 04:50,2026-03-31 04:51,1.0
2026-03-31,light,2026-03-31 04:51,2026-03-31 05:10,19.0
2026-03-31,awake,2026-03-31 05:10,2026-03-31 05:20,10.0
2026-03-31,light,2026-03-31 05:20,2026-03-31 05:23,3.0
2026-03-31,rem,2026-03-31 05:23,2026-03-31 05:48,25.0
2026-03-31,awake,2026-03-31 05:48,2026-03-31 05:49,1.0
2026-03-31,light,2026-03-31 05:49,2026-03-31 05:50,1.0
2026-03-31,rem,2026-03-31 05:50,2026-03-31 05:56,6.0
2026-03-31,light,2026-03-31 05:56,2026-03-31 06:21,25.0
2026-03-31,awake,2026-03-31 06:21,2026-03-31 06:22,1.0
2026-03-31,light,2026-03-31 06:22,2026-03-31 06:40,18.0
2026-03-31,awake,2026-03-31 06:40,2026-03-31 06:42,2.0
2026-03-31,light,2026-03-31 06:42,2026-03-31 06:58,16.0
2026-03-31,awake,2026-03-31 06:58,2026-03-31 07:00,2.0
2026-03-31,light,2026-03-31 07:00,2026-03-31 07:01,1.0
2026-04-01,awake,2026-04-01 00:08,2026-04-01 00:11,3.0
2026-04-01,rem,2026-04-01 00:11,2026-04-01 00:20,9.0
2026-04-01,light,2026-04-01 00:20,2026-04-01 00:23,3.0
2026-04-01,awake,2026-04-01 00:23,2026-04-01 00:24,1.0
2026-04-01,light,2026-04-01 00:24,2026-04-01 00:44,20.0
2026-04-01,rem,2026-04-01 00:44,2026-04-01 00:48,4.0
2026-04-01,light,2026-04-01 00:48,2026-04-01 00:57,9.0
2026-04-01,deep,2026-04-01 00:57,2026-04-01 01:09,12.0
2026-04-01,light,2026-04-01 01:09,2026-04-01 01:36,27.0
2026-04-01,deep,2026-04-01 01:36,2026-04-01 01:45,9.0
2026-04-01,awake,2026-04-01 01:45,2026-04-01 01:46,1.0
2026-04-01,light,2026-04-01 01:46,2026-04-01 02:01,15.0
2026-04-01,awake,2026-04-01 02:01,2026-04-01 02:02,1.0
2026-04-01,light,2026-04-01 02:02,2026-04-01 02:04,2.0
2026-04-01,awake,2026-04-01 02:04,2026-04-01 02:05,1.0
2026-04-01,light,2026-04-01 02:05,2026-04-01 02:14,9.0
2026-04-01,awake,2026-04-01 02:14,2026-04-01 02:15,1.0
2026-04-01,light,2026-04-01 02:15,2026-04-01 02:28,13.0
2026-04-01,deep,2026-04-01 02:28,2026-04-01 02:41,13.0
2026-04-01,awake,2026-04-01 02:41,2026-04-01 02:42,1.0
2026-04-01,light,2026-04-01 02:42,2026-04-01 02:45,3.0
2026-04-01,awake,2026-04-01 02:45,2026-04-01 02:46,1.0
2026-04-01,light,2026-04-01 02:46,2026-04-01 02:52,6.0
2026-04-01,awake,2026-04-01 02:52,2026-04-01 02:53,1.0
2026-04-01,light,2026-04-01 02:53,2026-04-01 03:11,18.0
2026-04-01,awake,2026-04-01 03:11,2026-04-01 03:12,1.0
2026-04-01,light,2026-04-01 03:12,2026-04-01 03:23,11.0
2026-04-01,rem,2026-04-01 03:23,2026-04-01 03:35,12.0
2026-04-01,light,2026-04-01 03:35,2026-04-01 03:54,19.0
2026-04-01,deep,2026-04-01 03:54,2026-04-01 04:05,11.0
2026-04-01,light,2026-04-01 04:05,2026-04-01 04:10,5.0
2026-04-01,rem,2026-04-01 04:10,2026-04-01 04:26,16.0
2026-04-01,light,2026-04-01 04:26,2026-04-01 04:39,13.0
2026-04-01,awake,2026-04-01 04:39,2026-04-01 04:40,1.0
2026-04-01,light,2026-04-01 04:40,2026-04-01 04:46,6.0
2026-04-01,awake,2026-04-01 04:46,2026-04-01 04:47,1.0
2026-04-01,light,2026-04-01 04:47,2026-04-01 04:55,8.0
2026-04-01,awake,2026-04-01 04:55,2026-04-01 04:56,1.0
2026-04-01,light,2026-04-01 04:56,2026-04-01 05:06,10.0
2026-04-01,awake,2026-04-01 05:06,2026-04-01 05:06,0.0
2026-04-01,light,2026-04-01 05:06,2026-04-01 05:21,15.0
2026-04-01,deep,2026-04-01 05:21,2026-04-01 06:00,39.0
2026-04-01,awake,2026-04-01 06:00,2026-04-01 06:01,1.0
2026-04-01,light,2026-04-01 06:01,2026-04-01 06:08,7.0
2026-04-01,awake,2026-04-01 06:08,2026-04-01 06:09,1.0
2026-04-01,light,2026-04-01 06:09,2026-04-01 06:16,7.0
2026-04-01,awake,2026-04-01 06:16,2026-04-01 06:18,2.0
2026-04-01,light,2026-04-01 06:18,2026-04-01 06:36,18.0
2026-04-01,awake,2026-04-01 06:36,2026-04-01 06:36,0.0
2026-04-01,light,2026-04-01 06:36,2026-04-01 06:40,4.0
2026-04-01,awake,2026-04-01 06:40,2026-04-01 06:41,1.0
2026-04-01,light,2026-04-01 06:41,2026-04-01 06:54,13.0
2026-04-01,rem,2026-04-01 06:54,2026-04-01 07:16,22.0
2026-04-01,awake,2026-04-01 07:16,2026-04-01 07:18,2.0
2026-04-01,light,2026-04-01 07:18,2026-04-01 07:30,12.0
2026-04-01,awake,2026-04-01 07:30,2026-04-01 07:32,2.0
2026-04-01,light,2026-04-01 07:32,2026-04-01 07:56,24.0
2026-04-02,awake,2026-04-01 23:56,2026-04-01 23:59,3.0
2026-04-02,light,2026-04-01 23:59,2026-04-02 00:06,7.0
2026-04-02,deep,2026-04-02 00:06,2026-04-02 00:14,8.0
2026-04-02,light,2026-04-02 00:14,2026-04-02 00:35,21.0
2026-04-02,rem,2026-04-02 00:35,2026-04-02 00:39,4.0
2026-04-02,light,2026-04-02 00:39,2026-04-02 00:45,6.0
2026-04-02,rem,2026-04-02 00:45,2026-04-02 00:45,0.0
2026-04-02,awake,2026-04-02 00:45,2026-04-02 00:46,1.0
2026-04-02,rem,2026-04-02 00:46,2026-04-02 00:58,12.0
2026-04-02,awake,2026-04-02 00:58,2026-04-02 00:59,1.0
2026-04-02,light,2026-04-02 00:59,2026-04-02 01:07,8.0
2026-04-02,rem,2026-04-02 01:07,2026-04-02 01:15,8.0
2026-04-02,light,2026-04-02 01:15,2026-04-02 01:32,17.0
2026-04-02,deep,2026-04-02 01:32,2026-04-02 01:57,25.0
2026-04-02,light,2026-04-02 01:57,2026-04-02 02:08,11.0
2026-04-02,awake,2026-04-02 02:08,2026-04-02 02:10,2.0
2026-04-02,light,2026-04-02 02:10,2026-04-02 02:30,20.0
2026-04-02,awake,2026-04-02 02:30,2026-04-02 02:31,1.0
2026-04-02,light,2026-04-02 02:31,2026-04-02 02:50,19.0
2026-04-02,rem,2026-04-02 02:50,2026-04-02 02:58,8.0
2026-04-02,light,2026-04-02 02:58,2026-04-02 03:07,9.0
2026-04-02,awake,2026-04-02 03:07,2026-04-02 03:37,30.0
2026-04-02,light,2026-04-02 03:37,2026-04-02 03:44,7.0
2026-04-02,awake,2026-04-02 03:44,2026-04-02 03:46,2.0
2026-04-02,light,2026-04-02 03:46,2026-04-02 04:02,16.0
2026-04-02,rem,2026-04-02 04:02,2026-04-02 04:18,16.0
2026-04-02,awake,2026-04-02 04:18,2026-04-02 04:23,5.0
2026-04-02,light,2026-04-02 04:23,2026-04-02 04:37,14.0
2026-04-02,awake,2026-04-02 04:37,2026-04-02 05:08,31.0
2026-04-02,light,2026-04-02 05:08,2026-04-02 05:32,24.0
2026-04-02,awake,2026-04-02 05:32,2026-04-02 05:33,1.0
2026-04-02,light,2026-04-02 05:33,2026-04-02 06:00,27.0
2026-04-02,deep,2026-04-02 06:00,2026-04-02 06:08,8.0
2026-04-02,light,2026-04-02 06:08,2026-04-02 06:30,22.0
2026-04-02,deep,2026-04-02 06:30,2026-04-02 06:41,11.0
2026-04-02,light,2026-04-02 06:41,2026-04-02 06:54,13.0
2026-04-03,awake,2026-04-02 23:48,2026-04-02 23:51,3.0
2026-04-03,light,2026-04-02 23:51,2026-04-02 23:53,2.0
2026-04-03,awake,2026-04-02 23:53,2026-04-02 23:56,3.0
2026-04-03,light,2026-04-02 23:56,2026-04-03 00:09,13.0
2026-04-03,deep,2026-04-03 00:09,2026-04-03 00:20,11.0
2026-04-03,light,2026-04-03 00:20,2026-04-03 00:31,11.0
2026-04-03,deep,2026-04-03 00:31,2026-04-03 00:42,11.0
2026-04-03,light,2026-04-03 00:42,2026-04-03 00:49,7.0
2026-04-03,awake,2026-04-03 00:49,2026-04-03 00:51,2.0
2026-04-03,light,2026-04-03 00:51,2026-04-03 00:56,5.0
2026-04-03,rem,2026-04-03 00:56,2026-04-03 01:16,20.0
2026-04-03,light,2026-04-03 01:16,2026-04-03 01:33,17.0
2026-04-03,deep,2026-04-03 01:33,2026-04-03 01:47,14.0
2026-04-03,light,2026-04-03 01:47,2026-04-03 01:53,6.0
2026-04-03,rem,2026-04-03 01:53,2026-04-03 02:13,20.0
2026-04-03,light,2026-04-03 02:13,2026-04-03 02:18,5.0
2026-04-03,deep,2026-04-03 02:18,2026-04-03 02:24,6.0
2026-04-03,light,2026-04-03 02:24,2026-04-03 02:34,10.0
2026-04-03,awake,2026-04-03 02:34,2026-04-03 02:37,3.0
2026-04-03,light,2026-04-03 02:37,2026-04-03 02:42,5.0
2026-04-03,rem,2026-04-03 02:42,2026-04-03 03:04,22.0
2026-04-03,light,2026-04-03 03:04,2026-04-03 03:08,4.0
2026-04-03,rem,2026-04-03 03:08,2026-04-03 03:26,18.0
2026-04-03,light,2026-04-03 03:26,2026-04-03 03:41,15.0
2026-04-03,awake,2026-04-03 03:41,2026-04-03 03:42,1.0
2026-04-03,light,2026-04-03 03:42,2026-04-03 03:54,12.0
2026-04-03,rem,2026-04-03 03:54,2026-04-03 04:08,14.0
2026-04-03,light,2026-04-03 04:08,2026-04-03 04:32,24.0
2026-04-03,awake,2026-04-03 04:32,2026-04-03 04:33,1.0
2026-04-03,light,2026-04-03 04:33,2026-04-03 04:57,24.0
2026-04-03,awake,2026-04-03 04:57,2026-04-03 04:59,2.0
2026-04-03,light,2026-04-03 04:59,2026-04-03 05:04,5.0
2026-04-03,rem,2026-04-03 05:04,2026-04-03 05:18,14.0
2026-04-03,light,2026-04-03 05:18,2026-04-03 05:21,3.0
2026-04-03,awake,2026-04-03 05:21,2026-04-03 05:22,1.0
2026-04-03,light,2026-04-03 05:22,2026-04-03 05:37,15.0
2026-04-03,deep,2026-04-03 05:37,2026-04-03 05:50,13.0
2026-04-03,light,2026-04-03 05:50,2026-04-03 06:06,16.0
2026-04-03,deep,2026-04-03 06:06,2026-04-03 06:21,15.0
2026-04-03,light,2026-04-03 06:21,2026-04-03 06:30,9.0
2026-04-03,awake,2026-04-03 06:30,2026-04-03 06:32,2.0
2026-04-03,light,2026-04-03 06:32,2026-04-03 06:49,17.0
2026-04-04,awake,2026-04-04 00:29,2026-04-04 00:32,3.0
2026-04-04,light,2026-04-04 00:32,2026-04-04 00:48,16.0
2026-04-04,deep,2026-04-04 00:48,2026-04-04 00:56,8.0
2026-04-04,light,2026-04-04 00:56,2026-04-04 01:19,23.0
2026-04-04,deep,2026-04-04 01:19,2026-04-04 01:30,11.0
2026-04-04,light,2026-04-04 01:30,2026-04-04 01:43,13.0
2026-04-04,awake,2026-04-04 01:43,2026-04-04 01:44,1.0
2026-04-04,light,2026-04-04 01:44,2026-04-04 01:49,5.0
2026-04-04,light,2026-04-04 01:49,2026-04-04 02:07,18.0
2026-04-04,awake,2026-04-04 01:49,2026-04-04 01:49,0.0
2026-04-04,awake,2026-04-04 02:07,2026-04-04 02:07,0.0
2026-04-04,light,2026-04-04 02:07,2026-04-04 02:19,12.0
2026-04-04,deep,2026-04-04 02:19,2026-04-04 02:39,20.0
2026-04-04,awake,2026-04-04 02:39,2026-04-04 02:40,1.0
2026-04-04,light,2026-04-04 02:40,2026-04-04 03:03,23.0
2026-04-04,awake,2026-04-04 03:03,2026-04-04 03:04,1.0
2026-04-04,light,2026-04-04 03:04,2026-04-04 03:09,5.0
2026-04-04,rem,2026-04-04 03:09,2026-04-04 03:25,16.0
2026-04-04,light,2026-04-04 03:25,2026-04-04 03:52,27.0
2026-04-04,deep,2026-04-04 03:52,2026-04-04 04:08,16.0
2026-04-04,light,2026-04-04 04:08,2026-04-04 04:10,2.0
2026-04-04,awake,2026-04-04 04:10,2026-04-04 04:11,1.0
2026-04-04,light,2026-04-04 04:11,2026-04-04 04:29,18.0
2026-04-04,awake,2026-04-04 04:29,2026-04-04 04:30,1.0
2026-04-04,light,2026-04-04 04:30,2026-04-04 04:56,26.0
2026-04-04,awake,2026-04-04 04:56,2026-04-04 04:58,2.0
2026-04-04,light,2026-04-04 04:58,2026-04-04 04:59,1.0
2026-04-04,rem,2026-04-04 04:59,2026-04-04 05:07,8.0
2026-04-04,light,2026-04-04 05:07,2026-04-04 05:13,6.0
2026-04-04,awake,2026-04-04 05:13,2026-04-04 05:14,1.0
2026-04-04,light,2026-04-04 05:14,2026-04-04 05:29,15.0
2026-04-04,rem,2026-04-04 05:29,2026-04-04 05:43,14.0
2026-04-04,light,2026-04-04 05:43,2026-04-04 05:51,8.0
2026-04-04,deep,2026-04-04 05:51,2026-04-04 06:11,20.0
2026-04-04,awake,2026-04-04 06:11,2026-04-04 06:13,2.0
2026-04-04,light,2026-04-04 06:13,2026-04-04 06:34,21.0
2026-04-04,awake,2026-04-04 06:34,2026-04-04 06:35,1.0
2026-04-04,light,2026-04-04 06:35,2026-04-04 06:51,16.0
2026-04-04,awake,2026-04-04 06:51,2026-04-04 06:52,1.0
2026-04-04,light,2026-04-04 06:52,2026-04-04 06:58,6.0
2026-04-05,awake,2026-04-05 00:26,2026-04-05 00:29,3.0
2026-04-05,light,2026-04-05 00:29,2026-04-05 00:36,7.0
2026-04-05,deep,2026-04-05 00:36,2026-04-05 00:44,8.0
2026-04-05,light,2026-04-05 00:44,2026-04-05 00:58,14.0
2026-04-05,deep,2026-04-05 00:58,2026-04-05 01:04,6.0
2026-04-05,light,2026-04-05 01:04,2026-04-05 01:16,12.0
2026-04-05,deep,2026-04-05 01:16,2026-04-05 01:40,24.0
2026-04-05,light,2026-04-05 01:40,2026-04-05 01:59,19.0
2026-04-05,awake,2026-04-05 01:59,2026-04-05 02:00,1.0
2026-04-05,light,2026-04-05 02:00,2026-04-05 02:23,23.0
2026-04-05,deep,2026-04-05 02:23,2026-04-05 02:50,27.0
2026-04-05,awake,2026-04-05 02:50,2026-04-05 02:51,1.0
2026-04-05,light,2026-04-05 02:51,2026-04-05 03:19,28.0
2026-04-05,deep,2026-04-05 03:19,2026-04-05 03:23,4.0
2026-04-05,light,2026-04-05 03:23,2026-04-05 03:38,15.0
2026-04-05,deep,2026-04-05 03:38,2026-04-05 03:41,3.0
2026-04-05,awake,2026-04-05 03:41,2026-04-05 03:42,1.0
2026-04-05,light,2026-04-05 03:42,2026-04-05 03:44,2.0
2026-04-05,rem,2026-04-05 03:44,2026-04-05 03:54,10.0
2026-04-05,light,2026-04-05 03:54,2026-04-05 04:18,24.0
2026-04-05,deep,2026-04-05 04:18,2026-04-05 04:24,6.0
2026-04-05,light,2026-04-05 04:24,2026-04-05 05:06,42.0
2026-04-05,rem,2026-04-05 05:06,2026-04-05 05:16,10.0
2026-04-05,light,2026-04-05 05:16,2026-04-05 05:32,16.0
2026-04-05,rem,2026-04-05 05:32,2026-04-05 05:38,6.0
2026-04-05,awake,2026-04-05 05:38,2026-04-05 05:39,1.0
2026-04-05,rem,2026-04-05 05:39,2026-04-05 05:52,13.0
2026-04-05,awake,2026-04-05 05:52,2026-04-05 05:53,1.0
2026-04-05,light,2026-04-05 05:53,2026-04-05 06:11,18.0
2026-04-05,awake,2026-04-05 06:11,2026-04-05 06:12,1.0
2026-04-05,light,2026-04-05 06:12,2026-04-05 06:19,7.0
2026-04-05,rem,2026-04-05 06:19,2026-04-05 06:43,24.0
2026-04-05,light,2026-04-05 06:43,2026-04-05 06:58,15.0
2026-04-05,awake,2026-04-05 06:58,2026-04-05 06:59,1.0
2026-04-05,light,2026-04-05 06:59,2026-04-05 07:07,8.0
2026-04-05,awake,2026-04-05 07:07,2026-04-05 07:08,1.0
2026-04-05,light,2026-04-05 07:08,2026-04-05 07:26,18.0
2026-04-06,awake,2026-04-06 00:19,2026-04-06 00:19,0.0
2026-04-06,light,2026-04-06 00:19,2026-04-06 00:19,0.0
2026-04-06,awake,2026-04-06 00:19,2026-04-06 00:20,1.0
2026-04-06,light,2026-04-06 00:20,2026-04-06 00:35,15.0
2026-04-06,deep,2026-04-06 00:35,2026-04-06 00:40,5.0
2026-04-06,light,2026-04-06 00:40,2026-04-06 00:53,13.0
2026-04-06,light,2026-04-06 00:53,2026-04-06 01:04,11.0
2026-04-06,awake,2026-04-06 00:53,2026-04-06 00:53,0.0
2026-04-06,deep,2026-04-06 01:04,2026-04-06 01:30,26.0
2026-04-06,light,2026-04-06 01:30,2026-04-06 01:32,2.0
2026-04-06,awake,2026-04-06 01:32,2026-04-06 01:32,0.0
2026-04-06,light,2026-04-06 01:32,2026-04-06 01:43,11.0
2026-04-06,awake,2026-04-06 01:43,2026-04-06 01:44,1.0
2026-04-06,light,2026-04-06 01:44,2026-04-06 02:11,27.0
2026-04-06,awake,2026-04-06 02:11,2026-04-06 02:12,1.0
2026-04-06,light,2026-04-06 02:12,2026-04-06 02:32,20.0
2026-04-06,awake,2026-04-06 02:32,2026-04-06 02:33,1.0
2026-04-06,light,2026-04-06 02:33,2026-04-06 02:46,13.0
2026-04-06,deep,2026-04-06 02:46,2026-04-06 02:59,13.0
2026-04-06,light,2026-04-06 02:59,2026-04-06 03:05,6.0
2026-04-06,rem,2026-04-06 03:05,2026-04-06 03:23,18.0
2026-04-06,light,2026-04-06 03:23,2026-04-06 03:40,17.0
2026-04-06,deep,2026-04-06 03:40,2026-04-06 03:54,14.0
2026-04-06,light,2026-04-06 03:54,2026-04-06 04:09,15.0
2026-04-06,deep,2026-04-06 04:09,2026-04-06 04:12,3.0
2026-04-06,awake,2026-04-06 04:12,2026-04-06 04:13,1.0
2026-04-06,light,2026-04-06 04:13,2026-04-06 04:32,19.0
2026-04-06,awake,2026-04-06 04:32,2026-04-06 04:33,1.0
2026-04-06,light,2026-04-06 04:33,2026-04-06 04:40,7.0
2026-04-06,awake,2026-04-06 04:40,2026-04-06 04:41,1.0
2026-04-06,light,2026-04-06 04:41,2026-04-06 04:48,7.0
2026-04-06,awake,2026-04-06 04:48,2026-04-06 04:49,1.0
2026-04-06,light,2026-04-06 04:49,2026-04-06 05:00,11.0
2026-04-06,awake,2026-04-06 05:00,2026-04-06 05:01,1.0
2026-04-06,light,2026-04-06 05:01,2026-04-06 05:16,15.0
2026-04-06,deep,2026-04-06 05:16,2026-04-06 05:28,12.0
2026-04-06,awake,2026-04-06 05:28,2026-04-06 05:30,2.0
2026-04-06,light,2026-04-06 05:30,2026-04-06 05:41,11.0
2026-04-06,awake,2026-04-06 05:41,2026-04-06 05:42,1.0
2026-04-06,light,2026-04-06 05:42,2026-04-06 05:48,6.0
2026-04-06,rem,2026-04-06 05:48,2026-04-06 05:51,3.0
2026-04-06,awake,2026-04-06 05:51,2026-04-06 05:51,0.0
2026-04-06,rem,2026-04-06 05:51,2026-04-06 05:58,7.0
2026-04-06,light,2026-04-06 05:58,2026-04-06 06:25,27.0
2026-04-06,deep,2026-04-06 06:25,2026-04-06 06:30,5.0
2026-04-06,light,2026-04-06 06:30,2026-04-06 06:40,10.0
2026-04-06,awake,2026-04-06 06:40,2026-04-06 06:42,2.0
2026-04-06,light,2026-04-06 06:42,2026-04-06 06:52,10.0
2026-04-07,awake,2026-04-06 23:32,2026-04-06 23:35,3.0
2026-04-07,light,2026-04-06 23:35,2026-04-06 23:56,21.0
2026-04-07,deep,2026-04-06 23:56,2026-04-07 00:02,6.0
2026-04-07,light,2026-04-07 00:02,2026-04-07 00:07,5.0
2026-04-07,awake,2026-04-07 00:07,2026-04-07 00:08,1.0
2026-04-07,light,2026-04-07 00:08,2026-04-07 00:27,19.0
2026-04-07,awake,2026-04-07 00:27,2026-04-07 00:28,1.0
2026-04-07,light,2026-04-07 00:28,2026-04-07 00:50,22.0
2026-04-07,rem,2026-04-07 00:50,2026-04-07 00:58,8.0
2026-04-07,awake,2026-04-07 00:58,2026-04-07 00:59,1.0
2026-04-07,rem,2026-04-07 00:59,2026-04-07 01:13,14.0
2026-04-07,awake,2026-04-07 01:13,2026-04-07 01:13,0.0
2026-04-07,rem,2026-04-07 01:13,2026-04-07 01:16,3.0
2026-04-07,light,2026-04-07 01:16,2026-04-07 01:20,4.0
2026-04-07,awake,2026-04-07 01:20,2026-04-07 01:21,1.0
2026-04-07,light,2026-04-07 01:21,2026-04-07 01:32,11.0
2026-04-07,deep,2026-04-07 01:32,2026-04-07 01:36,4.0
2026-04-07,light,2026-04-07 01:36,2026-04-07 01:50,14.0
2026-04-07,deep,2026-04-07 01:50,2026-04-07 02:28,38.0
2026-04-07,awake,2026-04-07 02:28,2026-04-07 02:30,2.0
2026-04-07,light,2026-04-07 02:30,2026-04-07 02:40,10.0
2026-04-07,awake,2026-04-07 02:40,2026-04-07 02:41,1.0
2026-04-07,light,2026-04-07 02:41,2026-04-07 02:50,9.0
2026-04-07,awake,2026-04-07 02:50,2026-04-07 02:52,2.0
2026-04-07,light,2026-04-07 02:52,2026-04-07 02:59,7.0
2026-04-07,rem,2026-04-07 02:59,2026-04-07 03:23,24.0
2026-04-07,light,2026-04-07 03:23,2026-04-07 03:39,16.0
2026-04-07,deep,2026-04-07 03:39,2026-04-07 03:42,3.0
2026-04-07,awake,2026-04-07 03:42,2026-04-07 03:43,1.0
2026-04-07,light,2026-04-07 03:43,2026-04-07 03:56,13.0
2026-04-07,rem,2026-04-07 03:56,2026-04-07 03:57,1.0
2026-04-07,awake,2026-04-07 03:57,2026-04-07 03:58,1.0
2026-04-07,rem,2026-04-07 03:58,2026-04-07 04:13,15.0
2026-04-07,awake,2026-04-07 04:13,2026-04-07 04:15,2.0
2026-04-07,light,2026-04-07 04:15,2026-04-07 04:27,12.0
2026-04-07,awake,2026-04-07 04:27,2026-04-07 04:31,4.0
2026-04-07,light,2026-04-07 04:31,2026-04-07 04:37,6.0
2026-04-07,awake,2026-04-07 04:37,2026-04-07 04:38,1.0
2026-04-07,light,2026-04-07 04:38,2026-04-07 04:47,9.0
2026-04-07,awake,2026-04-07 04:47,2026-04-07 04:48,1.0
2026-04-07,light,2026-04-07 04:48,2026-04-07 04:55,7.0
2026-04-07,awake,2026-04-07 04:55,2026-04-07 04:56,1.0
2026-04-07,light,2026-04-07 04:56,2026-04-07 05:13,17.0
2026-04-07,rem,2026-04-07 05:13,2026-04-07 05:39,26.0
2026-04-07,light,2026-04-07 05:39,2026-04-07 05:49,10.0
2026-04-07,awake,2026-04-07 05:49,2026-04-07 05:50,1.0
2026-04-07,light,2026-04-07 05:50,2026-04-07 06:11,21.0
2026-04-07,rem,2026-04-07 06:11,2026-04-07 06:20,9.0
2026-04-07,awake,2026-04-07 06:20,2026-04-07 06:21,1.0
2026-04-07,light,2026-04-07 06:21,2026-04-07 06:27,6.0
2026-04-07,awake,2026-04-07 06:27,2026-04-07 06:27,0.0
2026-04-07,light,2026-04-07 06:27,2026-04-07 06:34,7.0
2026-04-08,awake,2026-04-07 22:54,2026-04-07 22:57,3.0
2026-04-08,light,2026-04-07 22:57,2026-04-07 23:05,8.0
2026-04-08,deep,2026-04-07 23:05,2026-04-07 23:15,10.0
2026-04-08,light,2026-04-07 23:15,2026-04-07 23:33,18.0
2026-04-08,deep,2026-04-07 23:33,2026-04-07 23:51,18.0
2026-04-08,light,2026-04-07 23:51,2026-04-08 00:19,28.0
2026-04-08,awake,2026-04-08 00:19,2026-04-08 00:20,1.0
2026-04-08,light,2026-04-08 00:20,2026-04-08 00:32,12.0
2026-04-08,deep,2026-04-08 00:32,2026-04-08 00:44,12.0
2026-04-08,light,2026-04-08 00:44,2026-04-08 01:11,27.0
2026-04-08,deep,2026-04-08 01:11,2026-04-08 01:25,14.0
2026-04-08,awake,2026-04-08 01:25,2026-04-08 01:26,1.0
2026-04-08,light,2026-04-08 01:26,2026-04-08 01:45,19.0
2026-04-08,rem,2026-04-08 01:45,2026-04-08 02:00,15.0
2026-04-08,deep,2026-04-08 02:00,2026-04-08 02:03,3.0
2026-04-08,light,2026-04-08 02:03,2026-04-08 02:21,18.0
2026-04-08,deep,2026-04-08 02:21,2026-04-08 02:25,4.0
2026-04-08,awake,2026-04-08 02:25,2026-04-08 02:26,1.0
2026-04-08,light,2026-04-08 02:26,2026-04-08 02:52,26.0
2026-04-08,deep,2026-04-08 02:52,2026-04-08 02:56,4.0
2026-04-08,light,2026-04-08 02:56,2026-04-08 03:19,23.0
2026-04-08,deep,2026-04-08 03:19,2026-04-08 03:22,3.0
2026-04-08,awake,2026-04-08 03:22,2026-04-08 03:23,1.0
2026-04-08,light,2026-04-08 03:23,2026-04-08 03:32,9.0
2026-04-08,awake,2026-04-08 03:32,2026-04-08 03:32,0.0
2026-04-08,light,2026-04-08 03:32,2026-04-08 03:34,2.0
2026-04-08,awake,2026-04-08 03:34,2026-04-08 03:36,2.0
2026-04-08,light,2026-04-08 03:36,2026-04-08 03:53,17.0
2026-04-08,awake,2026-04-08 03:53,2026-04-08 03:54,1.0
2026-04-08,light,2026-04-08 03:54,2026-04-08 04:10,16.0
2026-04-08,deep,2026-04-08 04:10,2026-04-08 04:38,28.0
2026-04-08,awake,2026-04-08 04:38,2026-04-08 04:39,1.0
2026-04-08,light,2026-04-08 04:39,2026-04-08 04:45,6.0
2026-04-08,awake,2026-04-08 04:45,2026-04-08 04:47,2.0
2026-04-08,light,2026-04-08 04:47,2026-04-08 04:57,10.0
2026-04-08,awake,2026-04-08 04:57,2026-04-08 04:58,1.0
2026-04-08,light,2026-04-08 04:58,2026-04-08 05:19,21.0
2026-04-08,awake,2026-04-08 05:19,2026-04-08 05:20,1.0
2026-04-08,light,2026-04-08 05:20,2026-04-08 05:25,5.0
2026-04-08,rem,2026-04-08 05:25,2026-04-08 05:43,18.0
2026-04-08,light,2026-04-08 05:43,2026-04-08 05:53,10.0
2026-04-08,awake,2026-04-08 05:53,2026-04-08 06:00,7.0
2026-04-08,light,2026-04-08 06:00,2026-04-08 06:01,1.0
2026-04-08,rem,2026-04-08 06:01,2026-04-08 06:01,0.0
2026-04-08,awake,2026-04-08 06:01,2026-04-08 06:02,1.0
2026-04-08,rem,2026-04-08 06:02,2026-04-08 06:03,1.0
2026-04-08,light,2026-04-08 06:03,2026-04-08 06:11,8.0
2026-04-08,rem,2026-04-08 06:11,2026-04-08 06:15,4.0
2026-04-08,awake,2026-04-08 06:15,2026-04-08 06:16,1.0
2026-04-08,light,2026-04-08 06:15,2026-04-08 06:15,0.0
2026-04-08,light,2026-04-08 06:16,2026-04-08 06:35,19.0
2026-04-08,rem,2026-04-08 06:35,2026-04-08 07:10,35.0
2026-04-08,awake,2026-04-08 07:10,2026-04-08 07:11,1.0
2026-04-08,light,2026-04-08 07:11,2026-04-08 07:22,11.0
2026-04-08,awake,2026-04-08 07:22,2026-04-08 07:23,1.0
2026-04-08,light,2026-04-08 07:23,2026-04-08 07:38,15.0
2026-04-08,deep,2026-04-08 07:38,2026-04-08 07:56,18.0
2026-04-08,light,2026-04-08 07:56,2026-04-08 08:11,15.0
2026-04-08,awake,2026-04-08 08:11,2026-04-08 08:12,1.0
2026-04-08,light,2026-04-08 08:12,2026-04-08 08:28,16.0
2026-04-09,awake,2026-04-09 00:14,2026-04-09 00:16,2.0
2026-04-09,light,2026-04-09 00:16,2026-04-09 00:18,2.0
2026-04-09,awake,2026-04-09 00:18,2026-04-09 00:19,1.0
2026-04-09,light,2026-04-09 00:19,2026-04-09 00:20,1.0
2026-04-09,awake,2026-04-09 00:20,2026-04-09 00:22,2.0
2026-04-09,light,2026-04-09 00:22,2026-04-09 00:53,31.0
2026-04-09,rem,2026-04-09 00:53,2026-04-09 00:59,6.0
2026-04-09,light,2026-04-09 00:59,2026-04-09 01:02,3.0
2026-04-09,deep,2026-04-09 01:02,2026-04-09 01:21,19.0
2026-04-09,awake,2026-04-09 01:21,2026-04-09 01:22,1.0
2026-04-09,light,2026-04-09 01:22,2026-04-09 01:48,26.0
2026-04-09,rem,2026-04-09 01:48,2026-04-09 01:55,7.0
2026-04-09,light,2026-04-09 01:55,2026-04-09 01:56,1.0
2026-04-09,deep,2026-04-09 01:56,2026-04-09 02:06,10.0
2026-04-09,light,2026-04-09 02:06,2026-04-09 02:20,14.0
2026-04-09,deep,2026-04-09 02:20,2026-04-09 02:25,5.0
2026-04-09,awake,2026-04-09 02:25,2026-04-09 02:27,2.0
2026-04-09,light,2026-04-09 02:27,2026-04-09 02:49,22.0
2026-04-09,awake,2026-04-09 02:49,2026-04-09 02:51,2.0
2026-04-09,light,2026-04-09 02:51,2026-04-09 02:53,2.0
2026-04-09,awake,2026-04-09 02:53,2026-04-09 02:54,1.0
2026-04-09,light,2026-04-09 02:54,2026-04-09 02:58,4.0
2026-04-09,awake,2026-04-09 02:58,2026-04-09 02:59,1.0
2026-04-09,light,2026-04-09 02:59,2026-04-09 03:14,15.0
2026-04-09,awake,2026-04-09 03:14,2026-04-09 03:18,4.0
2026-04-09,light,2026-04-09 03:18,2026-04-09 03:20,2.0
2026-04-09,rem,2026-04-09 03:20,2026-04-09 03:22,2.0
2026-04-09,light,2026-04-09 03:22,2026-04-09 03:38,16.0
2026-04-09,rem,2026-04-09 03:38,2026-04-09 03:50,12.0
2026-04-09,awake,2026-04-09 03:50,2026-04-09 03:50,0.0
2026-04-09,rem,2026-04-09 03:50,2026-04-09 03:54,4.0
2026-04-09,light,2026-04-09 03:54,2026-04-09 04:00,6.0
2026-04-09,awake,2026-04-09 04:00,2026-04-09 04:02,2.0
2026-04-09,light,2026-04-09 04:02,2026-04-09 04:07,5.0
2026-04-09,awake,2026-04-09 04:07,2026-04-09 04:08,1.0
2026-04-09,light,2026-04-09 04:08,2026-04-09 04:31,23.0
2026-04-09,deep,2026-04-09 04:31,2026-04-09 04:38,7.0
2026-04-09,awake,2026-04-09 04:38,2026-04-09 04:39,1.0
2026-04-09,light,2026-04-09 04:39,2026-04-09 04:54,15.0
2026-04-09,rem,2026-04-09 04:54,2026-04-09 05:10,16.0
2026-04-09,light,2026-04-09 05:10,2026-04-09 05:26,16.0
2026-04-09,rem,2026-04-09 05:26,2026-04-09 05:31,5.0
2026-04-09,awake,2026-04-09 05:31,2026-04-09 05:32,1.0
2026-04-09,light,2026-04-09 05:32,2026-04-09 05:46,14.0
2026-04-09,awake,2026-04-09 05:46,2026-04-09 05:49,3.0
2026-04-09,light,2026-04-09 05:49,2026-04-09 06:13,24.0
2026-04-09,rem,2026-04-09 06:13,2026-04-09 06:24,11.0
2026-04-09,awake,2026-04-09 06:24,2026-04-09 06:26,2.0
2026-04-09,light,2026-04-09 06:26,2026-04-09 06:40,14.0
2026-04-09,awake,2026-04-09 06:40,2026-04-09 06:42,2.0
2026-04-09,light,2026-04-09 06:42,2026-04-09 06:44,2.0
2026-04-10,awake,2026-04-10 00:24,2026-04-10 00:27,3.0
2026-04-10,light,2026-04-10 00:27,2026-04-10 00:34,7.0
2026-04-10,deep,2026-04-10 00:34,2026-04-10 00:45,11.0
2026-04-10,light,2026-04-10 00:45,2026-04-10 00:56,11.0
2026-04-10,rem,2026-04-10 00:56,2026-04-10 01:00,4.0
2026-04-10,light,2026-04-10 01:00,2026-04-10 01:09,9.0
2026-04-10,deep,2026-04-10 01:09,2026-04-10 01:15,6.0
2026-04-10,light,2026-04-10 01:15,2026-04-10 01:36,21.0
2026-04-10,rem,2026-04-10 01:36,2026-04-10 02:24,48.0
2026-04-10,light,2026-04-10 02:24,2026-04-10 02:51,27.0
2026-04-10,rem,2026-04-10 02:51,2026-04-10 02:56,5.0
2026-04-10,light,2026-04-10 02:56,2026-04-10 03:07,11.0
2026-04-10,deep,2026-04-10 03:07,2026-04-10 03:28,21.0
2026-04-10,awake,2026-04-10 03:28,2026-04-10 03:30,2.0
2026-04-10,light,2026-04-10 03:30,2026-04-10 03:41,11.0
2026-04-10,awake,2026-04-10 03:41,2026-04-10 03:42,1.0
2026-04-10,light,2026-04-10 03:42,2026-04-10 03:48,6.0
2026-04-10,awake,2026-04-10 03:48,2026-04-10 03:49,1.0
2026-04-10,light,2026-04-10 03:49,2026-04-10 03:52,3.0
2026-04-10,rem,2026-04-10 03:52,2026-04-10 04:04,12.0
2026-04-10,light,2026-04-10 04:04,2026-04-10 04:31,27.0
2026-04-10,awake,2026-04-10 04:31,2026-04-10 04:33,2.0
2026-04-10,light,2026-04-10 04:33,2026-04-10 04:37,4.0
2026-04-10,awake,2026-04-10 04:37,2026-04-10 04:39,2.0
2026-04-10,light,2026-04-10 04:39,2026-04-10 05:04,25.0
2026-04-10,awake,2026-04-10 05:04,2026-04-10 05:06,2.0
2026-04-10,light,2026-04-10 05:06,2026-04-10 05:28,22.0
2026-04-10,awake,2026-04-10 05:28,2026-04-10 05:31,3.0
2026-04-10,light,2026-04-10 05:31,2026-04-10 05:52,21.0
2026-04-10,rem,2026-04-10 05:52,2026-04-10 05:57,5.0
2026-04-10,awake,2026-04-10 05:57,2026-04-10 05:58,1.0
2026-04-10,rem,2026-04-10 05:58,2026-04-10 06:01,3.0
2026-04-10,light,2026-04-10 06:01,2026-04-10 06:10,9.0
2026-04-10,awake,2026-04-10 06:10,2026-04-10 06:11,1.0
2026-04-10,light,2026-04-10 06:11,2026-04-10 06:26,15.0
2026-04-10,deep,2026-04-10 06:26,2026-04-10 06:35,9.0
2026-04-10,light,2026-04-10 06:35,2026-04-10 06:41,6.0
2026-04-10,awake,2026-04-10 06:41,2026-04-10 06:42,1.0
2026-04-10,light,2026-04-10 06:42,2026-04-10 06:56,14.0
2026-04-10,awake,2026-04-10 06:56,2026-04-10 07:01,5.0
2026-04-10,light,2026-04-10 07:01,2026-04-10 07:07,6.0
2026-04-10,awake,2026-04-10 07:07,2026-04-10 07:08,1.0
2026-04-10,light,2026-04-10 07:08,2026-04-10 07:21,13.0
2026-04-10,awake,2026-04-10 07:21,2026-04-10 07:24,3.0
2026-04-10,light,2026-04-10 07:24,2026-04-10 07:39,15.0
2026-04-10,awake,2026-04-10 07:39,2026-04-10 07:40,1.0
2026-04-10,light,2026-04-10 07:40,2026-04-10 07:41,1.0
2026-04-10,awake,2026-04-10 07:41,2026-04-10 07:41,0.0
2026-04-10,light,2026-04-10 07:41,2026-04-10 07:44,3.0
2026-04-10,rem,2026-04-10 07:44,2026-04-10 07:47,3.0
2026-04-10,light,2026-04-10 07:47,2026-04-10 07:56,9.0
2026-04-11,awake,2026-04-11 00:41,2026-04-11 00:44,3.0
2026-04-11,light,2026-04-11 00:44,2026-04-11 00:53,9.0
2026-04-11,deep,2026-04-11 00:53,2026-04-11 01:05,12.0
2026-04-11,light,2026-04-11 01:05,2026-04-11 01:15,10.0
2026-04-11,deep,2026-04-11 01:15,2026-04-11 01:30,15.0
2026-04-11,light,2026-04-11 01:30,2026-04-11 01:41,11.0
2026-04-11,deep,2026-04-11 01:41,2026-04-11 01:46,5.0
2026-04-11,light,2026-04-11 01:46,2026-04-11 01:51,5.0
2026-04-11,awake,2026-04-11 01:51,2026-04-11 01:52,1.0
2026-04-11,light,2026-04-11 01:52,2026-04-11 02:03,11.0
2026-04-11,deep,2026-04-11 02:03,2026-04-11 02:16,13.0
2026-04-11,light,2026-04-11 02:16,2026-04-11 02:19,3.0
2026-04-11,rem,2026-04-11 02:19,2026-04-11 02:25,6.0
2026-04-11,light,2026-04-11 02:25,2026-04-11 02:35,10.0
2026-04-11,rem,2026-04-11 02:35,2026-04-11 02:47,12.0
2026-04-11,light,2026-04-11 02:47,2026-04-11 03:03,16.0
2026-04-11,rem,2026-04-11 03:03,2026-04-11 03:11,8.0
2026-04-11,awake,2026-04-11 03:11,2026-04-11 03:11,0.0
2026-04-11,rem,2026-04-11 03:11,2026-04-11 03:15,4.0
2026-04-11,light,2026-04-11 03:15,2026-04-11 03:23,8.0
2026-04-11,deep,2026-04-11 03:23,2026-04-11 03:30,7.0
2026-04-11,awake,2026-04-11 03:30,2026-04-11 03:31,1.0
2026-04-11,light,2026-04-11 03:31,2026-04-11 03:56,25.0
2026-04-11,rem,2026-04-11 03:56,2026-04-11 04:07,11.0
2026-04-11,awake,2026-04-11 04:07,2026-04-11 04:08,1.0
2026-04-11,light,2026-04-11 04:08,2026-04-11 04:15,7.0
2026-04-11,rem,2026-04-11 04:15,2026-04-11 04:34,19.0
2026-04-11,rem,2026-04-11 04:34,2026-04-11 04:35,1.0
2026-04-11,awake,2026-04-11 04:34,2026-04-11 04:34,0.0
2026-04-11,light,2026-04-11 04:35,2026-04-11 04:51,16.0
2026-04-11,deep,2026-04-11 04:51,2026-04-11 05:18,27.0
2026-04-11,awake,2026-04-11 05:18,2026-04-11 05:21,3.0
2026-04-11,light,2026-04-11 05:21,2026-04-11 05:37,16.0
2026-04-11,deep,2026-04-11 05:37,2026-04-11 05:39,2.0
2026-04-11,light,2026-04-11 05:39,2026-04-11 05:56,17.0
2026-04-11,deep,2026-04-11 05:56,2026-04-11 06:00,4.0
2026-04-11,light,2026-04-11 06:00,2026-04-11 06:30,30.0
2026-04-11,awake,2026-04-11 06:30,2026-04-11 06:33,3.0
2026-04-11,light,2026-04-11 06:33,2026-04-11 06:42,9.0
2026-04-11,rem,2026-04-11 06:42,2026-04-11 06:58,16.0
2026-04-11,awake,2026-04-11 06:58,2026-04-11 06:59,1.0
2026-04-11,rem,2026-04-11 06:59,2026-04-11 07:10,11.0
2026-04-11,light,2026-04-11 07:10,2026-04-11 07:30,20.0
2026-04-11,awake,2026-04-11 07:30,2026-04-11 07:35,5.0
2026-04-11,light,2026-04-11 07:35,2026-04-11 07:48,13.0
2026-04-11,awake,2026-04-11 07:48,2026-04-11 07:49,1.0
2026-04-11,light,2026-04-11 07:49,2026-04-11 08:10,21.0
2026-04-11,awake,2026-04-11 08:10,2026-04-11 08:11,1.0
2026-04-11,light,2026-04-11 08:11,2026-04-11 08:23,12.0
2026-04-12,awake,2026-04-12 00:20,2026-04-12 00:23,3.0
2026-04-12,light,2026-04-12 00:23,2026-04-12 00:25,2.0
2026-04-12,awake,2026-04-12 00:25,2026-04-12 00:28,3.0
2026-04-12,light,2026-04-12 00:28,2026-04-12 00:30,2.0
2026-04-12,rem,2026-04-12 00:30,2026-04-12 00:42,12.0
2026-04-12,light,2026-04-12 00:42,2026-04-12 00:53,11.0
2026-04-12,rem,2026-04-12 00:53,2026-04-12 01:11,18.0
2026-04-12,light,2026-04-12 01:11,2026-04-12 01:28,17.0
2026-04-12,deep,2026-04-12 01:28,2026-04-12 01:52,24.0
2026-04-12,light,2026-04-12 01:52,2026-04-12 02:18,26.0
2026-04-12,deep,2026-04-12 02:18,2026-04-12 02:23,5.0
2026-04-12,light,2026-04-12 02:23,2026-04-12 02:37,14.0
2026-04-12,deep,2026-04-12 02:37,2026-04-12 02:57,20.0
2026-04-12,light,2026-04-12 02:57,2026-04-12 02:58,1.0
2026-04-12,awake,2026-04-12 02:58,2026-04-12 02:59,1.0
2026-04-12,light,2026-04-12 02:59,2026-04-12 03:11,12.0
2026-04-12,awake,2026-04-12 03:11,2026-04-12 03:12,1.0
2026-04-12,light,2026-04-12 03:12,2026-04-12 03:29,17.0
2026-04-12,awake,2026-04-12 03:29,2026-04-12 03:30,1.0
2026-04-12,light,2026-04-12 03:30,2026-04-12 03:51,21.0
2026-04-12,awake,2026-04-12 03:51,2026-04-12 03:52,1.0
2026-04-12,light,2026-04-12 03:52,2026-04-12 04:00,8.0
2026-04-12,awake,2026-04-12 04:00,2026-04-12 04:01,1.0
2026-04-12,light,2026-04-12 04:01,2026-04-12 04:30,29.0
2026-04-12,deep,2026-04-12 04:30,2026-04-12 04:41,11.0
2026-04-12,awake,2026-04-12 04:41,2026-04-12 04:44,3.0
2026-04-12,light,2026-04-12 04:44,2026-04-12 04:57,13.0
2026-04-12,awake,2026-04-12 04:57,2026-04-12 05:31,34.0
2026-04-12,light,2026-04-12 05:31,2026-04-12 05:34,3.0
2026-04-12,rem,2026-04-12 05:34,2026-04-12 05:58,24.0
2026-04-12,awake,2026-04-12 05:58,2026-04-12 05:59,1.0
2026-04-12,light,2026-04-12 05:59,2026-04-12 06:18,19.0
2026-04-12,deep,2026-04-12 06:18,2026-04-12 06:40,22.0
2026-04-12,awake,2026-04-12 06:40,2026-04-12 06:41,1.0
2026-04-12,light,2026-04-12 06:41,2026-04-12 06:52,11.0
2026-04-12,awake,2026-04-12 06:52,2026-04-12 06:53,1.0
2026-04-12,light,2026-04-12 06:53,2026-04-12 06:58,5.0
2026-04-12,awake,2026-04-12 06:58,2026-04-12 06:59,1.0
2026-04-12,light,2026-04-12 06:59,2026-04-12 07:07,8.0
2026-04-12,awake,2026-04-12 07:07,2026-04-12 07:08,1.0
2026-04-12,light,2026-04-12 07:08,2026-04-12 07:18,10.0
2026-04-12,awake,2026-04-12 07:18,2026-04-12 07:19,1.0
2026-04-12,light,2026-04-12 07:19,2026-04-12 07:24,5.0
2026-04-12,awake,2026-04-12 07:24,2026-04-12 07:25,1.0
2026-04-12,light,2026-04-12 07:25,2026-04-12 07:30,5.0
2026-04-13,awake,2026-04-12 23:45,2026-04-12 23:48,3.0
2026-04-13,light,2026-04-12 23:48,2026-04-12 23:55,7.0
2026-04-13,deep,2026-04-12 23:55,2026-04-13 00:13,18.0
2026-04-13,light,2026-04-13 00:13,2026-04-13 00:25,12.0
2026-04-13,deep,2026-04-13 00:25,2026-04-13 00:33,8.0
2026-04-13,light,2026-04-13 00:33,2026-04-13 00:41,8.0
2026-04-13,awake,2026-04-13 00:41,2026-04-13 00:42,1.0
2026-04-13,light,2026-04-13 00:42,2026-04-13 00:42,0.0
2026-04-13,rem,2026-04-13 00:42,2026-04-13 00:58,16.0
2026-04-13,light,2026-04-13 00:58,2026-04-13 01:12,14.0
2026-04-13,awake,2026-04-13 01:12,2026-04-13 01:13,1.0
2026-04-13,light,2026-04-13 01:13,2026-04-13 01:41,28.0
2026-04-13,awake,2026-04-13 01:41,2026-04-13 01:42,1.0
2026-04-13,light,2026-04-13 01:42,2026-04-13 01:47,5.0
2026-04-13,rem,2026-04-13 01:47,2026-04-13 01:57,10.0
2026-04-13,light,2026-04-13 01:57,2026-04-13 02:19,22.0
2026-04-13,rem,2026-04-13 02:19,2026-04-13 02:27,8.0
2026-04-13,awake,2026-04-13 02:27,2026-04-13 02:28,1.0
2026-04-13,light,2026-04-13 02:28,2026-04-13 02:44,16.0
2026-04-13,awake,2026-04-13 02:44,2026-04-13 02:45,1.0
2026-04-13,light,2026-04-13 02:45,2026-04-13 02:51,6.0
2026-04-13,awake,2026-04-13 02:51,2026-04-13 02:52,1.0
2026-04-13,light,2026-04-13 02:52,2026-04-13 03:10,18.0
2026-04-13,deep,2026-04-13 03:10,2026-04-13 03:16,6.0
2026-04-13,light,2026-04-13 03:16,2026-04-13 03:34,18.0
2026-04-13,deep,2026-04-13 03:34,2026-04-13 03:47,13.0
2026-04-13,awake,2026-04-13 03:47,2026-04-13 03:49,2.0
2026-04-13,light,2026-04-13 03:49,2026-04-13 04:07,18.0
2026-04-13,rem,2026-04-13 04:07,2026-04-13 04:23,16.0
2026-04-13,light,2026-04-13 04:23,2026-04-13 04:25,2.0
2026-04-13,awake,2026-04-13 04:25,2026-04-13 04:27,2.0
2026-04-13,light,2026-04-13 04:27,2026-04-13 04:46,19.0
2026-04-13,awake,2026-04-13 04:46,2026-04-13 04:47,1.0
2026-04-13,light,2026-04-13 04:47,2026-04-13 05:11,24.0
2026-04-13,rem,2026-04-13 05:11,2026-04-13 05:25,14.0
2026-04-13,light,2026-04-13 05:25,2026-04-13 05:26,1.0
2026-04-13,deep,2026-04-13 05:26,2026-04-13 05:37,11.0
2026-04-13,awake,2026-04-13 05:37,2026-04-13 05:38,1.0
2026-04-13,light,2026-04-13 05:38,2026-04-13 05:47,9.0
2026-04-13,rem,2026-04-13 05:47,2026-04-13 06:03,16.0
2026-04-13,light,2026-04-13 06:03,2026-04-13 06:11,8.0
2026-04-13,deep,2026-04-13 06:11,2026-04-13 06:15,4.0
2026-04-13,awake,2026-04-13 06:15,2026-04-13 06:17,2.0
2026-04-13,light,2026-04-13 06:17,2026-04-13 06:30,13.0
2026-04-13,awake,2026-04-13 06:30,2026-04-13 06:31,1.0
2026-04-13,light,2026-04-13 06:31,2026-04-13 06:36,5.0
2026-04-13,awake,2026-04-13 06:36,2026-04-13 06:37,1.0
2026-04-13,light,2026-04-13 06:37,2026-04-13 06:48,11.0
2026-04-14,awake,2026-04-13 23:44,2026-04-13 23:47,3.0
2026-04-14,light,2026-04-13 23:47,2026-04-13 23:54,7.0
2026-04-14,deep,2026-04-13 23:54,2026-04-14 00:02,8.0
2026-04-14,light,2026-04-14 00:02,2026-04-14 00:21,19.0
2026-04-14,deep,2026-04-14 00:21,2026-04-14 00:27,6.0
2026-04-14,light,2026-04-14 00:27,2026-04-14 00:46,19.0
2026-04-14,rem,2026-04-14 00:46,2026-04-14 00:49,3.0
2026-04-14,awake,2026-04-14 00:49,2026-04-14 00:50,1.0
2026-04-14,rem,2026-04-14 00:50,2026-04-14 01:01,11.0
2026-04-14,light,2026-04-14 01:01,2026-04-14 01:02,1.0
2026-04-14,deep,2026-04-14 01:02,2026-04-14 01:06,4.0
2026-04-14,light,2026-04-14 01:06,2026-04-14 01:36,30.0
2026-04-14,deep,2026-04-14 01:36,2026-04-14 02:01,25.0
2026-04-14,light,2026-04-14 02:01,2026-04-14 02:08,7.0
2026-04-14,light,2026-04-14 02:08,2026-04-14 02:17,9.0
2026-04-14,awake,2026-04-14 02:08,2026-04-14 02:08,0.0
2026-04-14,awake,2026-04-14 02:17,2026-04-14 02:18,1.0
2026-04-14,light,2026-04-14 02:18,2026-04-14 02:29,11.0
2026-04-14,awake,2026-04-14 02:29,2026-04-14 02:31,2.0
2026-04-14,light,2026-04-14 02:31,2026-04-14 02:36,5.0
2026-04-14,rem,2026-04-14 02:36,2026-04-14 03:19,43.0
2026-04-14,awake,2026-04-14 03:19,2026-04-14 03:20,1.0
2026-04-14,rem,2026-04-14 03:20,2026-04-14 03:24,4.0
2026-04-14,light,2026-04-14 03:24,2026-04-14 03:33,9.0
2026-04-14,deep,2026-04-14 03:33,2026-04-14 03:41,8.0
2026-04-14,awake,2026-04-14 03:41,2026-04-14 03:43,2.0
2026-04-14,light,2026-04-14 03:43,2026-04-14 03:48,5.0
2026-04-14,awake,2026-04-14 03:48,2026-04-14 03:49,1.0
2026-04-14,light,2026-04-14 03:49,2026-04-14 04:19,30.0
2026-04-14,rem,2026-04-14 04:19,2026-04-14 04:38,19.0
2026-04-14,awake,2026-04-14 04:38,2026-04-14 04:40,2.0
2026-04-14,light,2026-04-14 04:40,2026-04-14 04:49,9.0
2026-04-14,awake,2026-04-14 04:49,2026-04-14 04:51,2.0
2026-04-14,light,2026-04-14 04:51,2026-04-14 05:02,11.0
2026-04-14,awake,2026-04-14 05:02,2026-04-14 05:03,1.0
2026-04-14,light,2026-04-14 05:03,2026-04-14 05:16,13.0
2026-04-14,awake,2026-04-14 05:16,2026-04-14 05:19,3.0
2026-04-14,light,2026-04-14 05:19,2026-04-14 05:35,16.0
2026-04-14,deep,2026-04-14 05:35,2026-04-14 05:50,15.0
2026-04-14,awake,2026-04-14 05:50,2026-04-14 05:51,1.0
2026-04-14,light,2026-04-14 05:51,2026-04-14 05:56,5.0
2026-04-14,awake,2026-04-14 05:56,2026-04-14 05:56,0.0
2026-04-14,light,2026-04-14 05:56,2026-04-14 06:06,10.0
2026-04-14,awake,2026-04-14 06:06,2026-04-14 06:07,1.0
2026-04-14,light,2026-04-14 06:07,2026-04-14 06:13,6.0
2026-04-14,rem,2026-04-14 06:13,2026-04-14 06:21,8.0
2026-04-14,light,2026-04-14 06:21,2026-04-14 06:56,35.0
2026-04-14,deep,2026-04-14 06:56,2026-04-14 07:00,4.0
2026-04-14,awake,2026-04-14 07:00,2026-04-14 07:02,2.0
2026-04-14,light,2026-04-14 07:02,2026-04-14 07:10,8.0
2026-04-14,awake,2026-04-14 07:10,2026-04-14 07:11,1.0
2026-04-14,light,2026-04-14 07:11,2026-04-14 07:19,8.0
2026-04-14,awake,2026-04-14 07:19,2026-04-14 07:20,1.0
2026-04-14,light,2026-04-14 07:20,2026-04-14 07:26,6.0
2026-04-14,awake,2026-04-14 07:26,2026-04-14 07:27,1.0
2026-04-14,light,2026-04-14 07:27,2026-04-14 07:29,2.0
2026-04-14,awake,2026-04-14 07:29,2026-04-14 07:30,1.0
2026-04-14,light,2026-04-14 07:30,2026-04-14 07:38,8.0
2026-04-14,awake,2026-04-14 07:38,2026-04-14 07:39,1.0
2026-04-14,light,2026-04-14 07:39,2026-04-14 07:47,8.0
